id,title,category,organization,prefecture,published_at,deadline,result_date,project_code,awardee,awardee_checked,amount,url,summary,detail,schedule,tags,source,first_seen,last_seen
1,【P23004】 競争的な水素サプライチェーン構築に向けた技術開発事業,プロポーザル,NEDO（新エネルギー・産業技術総合開発機構）,国,2026-06-26,2026-07-10,,P23004,,,,https://www.nedo.go.jp/koubo/SE2_100001_00136.html,燃料電池・水素,"（イ）水素製造・輸送・貯蔵・利用等に関する調査研究

水素社会の実現に向け、競争的な水素サプライチェーンの構築に資する水素製造・輸送・貯蔵・利用等に関する調査・研究を行う。

本調査は、国内の典型的な漁港・漁場地域を対象に、化石燃料・電力・再生可能エネルギーの利用状況や季節変動を分析し、水素需要および導入の可能性を総合的に検討するものである。さらに、漁船の運用実態を踏まえて水素漁船に必要な要件や課題を整理し、水素の製造・供給を含む利活用モデルを提示するとともに、実現に向けたロードマップとアクションプランを示す。

委託事業・補助・助成事業の契約手続きに関する情報を掲載しています。","[{""label"": ""説明会の申込期限"", ""date"": ""2026-06-30"", ""raw"": ""2026年6月30日（火）正午""}, {""label"": ""説明会"", ""date"": ""2026-07-01"", ""raw"": ""2026年7月1日（水）9時45分""}, {""label"": ""応募締切"", ""date"": ""2026-07-10"", ""raw"": ""2026年7月10日（金）正午""}]","水素,蓄電池,研究開発,燃料電池・水素",NEDO,2026-06-26,2026-06-26
2,【P23004】 競争的な水素サプライチェーン構築に向けた技術開発事業,プロポーザル,NEDO（新エネルギー・産業技術総合開発機構）,国,2026-06-05,2026-06-19,,P23004,,,,https://www.nedo.go.jp/koubo/SE2_100001_00134.html,燃料電池・水素,"（イ）水素製造・輸送・貯蔵・利用等に関する調査研究

水素社会の実現に向け、競争的な水素サプライチェーンの構築に資する水素製造・輸送・貯蔵・利用等に関する調査・研究を行う。

2025年4月の省令改正により、各水素ステーション施設に適した日常点検を行うこととなったが、適正かつ合理的な日常点検方法の整理・一般化がなされていない。このような現状を踏まえ、適正かつ合理的な日常点検方法について例示基準改正に資するガイドライン案を作成することを目的とする。

委託事業・補助・助成事業の契約手続きに関する情報を掲載しています。","[{""label"": ""説明会の申込期限"", ""date"": ""2026-06-09"", ""raw"": ""2026年6月9日（火）正午""}, {""label"": ""説明会"", ""date"": ""2026-06-10"", ""raw"": ""2026年6月10日（水）13時15分""}, {""label"": ""応募締切"", ""date"": ""2026-06-19"", ""raw"": ""2026年6月19日（金）正午""}]","水素,蓄電池,研究開発,燃料電池・水素",NEDO,2026-06-26,2026-06-26
3,【P23004】 競争的な水素サプライチェーン構築に向けた技術開発事業,プロポーザル,NEDO（新エネルギー・産業技術総合開発機構）,国,2026-04-20,2026-05-13,2026-06-08,P23004,,1,,https://www.nedo.go.jp/koubo/SE2_100001_00131.html,燃料電池・水素,"（イ）水素製造・輸送・貯蔵・利用等に関する調査研究

水素社会の実現に向け、競争的な水素サプライチェーンの構築に資する水素製造・輸送・貯蔵・利用等に関する調査・研究を行う。

液化水素試験設備に係る最新のニーズを踏まえ、将来、共通基盤となる評価設備の整備・運営に関する具体的な候補地、仕様、事業計画等の立案、設立及び運営に向けた体制を具体化することを目的とする。

委託事業・補助・助成事業の契約手続きに関する情報を掲載しています。","[{""label"": ""説明会の申込期限"", ""date"": ""2026-04-21"", ""raw"": ""2026年4月21日（火）正午""}, {""label"": ""説明会"", ""date"": ""2026-04-22"", ""raw"": ""2026年4月22日（水）13時15分""}, {""label"": ""応募締切"", ""date"": ""2026-05-13"", ""raw"": ""2026年5月13日（水）正午""}]","水素,蓄電池,研究開発,燃料電池・水素",NEDO,2026-06-26,2026-06-26
4,【P23004】 競争的な水素サプライチェーン構築に向けた技術開発事業,プロポーザル,NEDO（新エネルギー・産業技術総合開発機構）,国,2026-03-30,2026-05-08,,P23004,,,"全体予算100,000万円程度",https://www.nedo.go.jp/koubo/SE2_100001_00130.html,燃料電池・水素,"国立研究開発法人新エネルギー・産業技術総合開発機構（以下「NEDO」という。）は、下記事業の実施者を一般に広く公募いたしますので、本件について受託を希望する方は、下記に基づき御応募ください。

水素社会の実現に向けては、様々な需要に対応する水素サプライチェーンを構築することが極めて重要である。水素サプライチェーンの構築に向けては、更なる技術革新を通じた水素コスト低減を図る必要があることに加え、新たな技術や用途での実装に際して、安全性を検証しつつ、規制等の整備及び合理化を図ることも求められる。本制度では、水素サプライチェーン構築に際して必要な要素技術開発に加え、規制整備や国際標準化のために必要なデータ取得等を支援することを目的とする。

研究開発項目I、III、IVに関して、水素を製造・貯蔵・輸送・利用するための設備や機器、システム等（貯蔵タンク、充填ホース、計量システム等）の更なる高度化・低コスト化・多様化につながる技術開発等を行うとともに、規制の整備や合理化、国際標準化のために必要な研究開発等を行う。

補助事業には、課題設定型産業技術開発費補助金交付規程を適用します。","[{""label"": ""応募締切"", ""date"": ""2026-04-28"", ""raw"": ""2026年4月28日（火）正午""}]","水素,蓄電池,研究開発,燃料電池・水素",NEDO,2026-06-26,2026-06-26
5,【P26004】 水素社会モデル構築高度化技術開発・実証事業,プロポーザル,NEDO（新エネルギー・産業技術総合開発機構）,国,2026-03-19,2026-04-22,,P26004,,,"1件あたり3,000万円以内",https://www.nedo.go.jp/koubo/SE2_100001_00128.html,燃料電池・水素,"「水素社会」実現のため、一定の地域での水素サプライチェーンを構築する、利活用モデルや事業化モデル等のモデル構築を目指します。モデル構築に当たっては、事業成立性やその地域に普及すること、また、他地域への横展開を含む水素需要の創出、新たな地域産業創出などにつながることを重視し、水素関連分野の事業化の確度を高める技術開発と水素の製造及び貯蔵・輸送・利用までを含めた実証を組み合わせ、モデル確立についての調査、必要な技術開発・実証を支援します。

再エネ等の地域資源を活用した水素の製造、貯蔵、運搬、利活用に係る各設備や、それをつなぐインフラネットワークの整備を通じ、地域特性に応じて様々な需給を組み合わせた一定地域でのサプライチェーンのモデルについて、将来の事業性、経済性等の検証や、機器開発等につながる定量的なデータ取得などの調査・研究を行います。

再エネ等の地域資源を活用した水素の製造、貯蔵、運搬、利活用の各分野において、機器・設備の効率化、低コスト化、大規模化等のための技術開発や、事業性、経済性を確保するための工夫等を行い、地域特性などに応じた様々な水素の需給とそれらを組み合わせることで、より社会実装に近いレベルで、事業成立性を確保できる一定地域でのサプライチェーンのモデル構築に向けた技術開発・実証を行います。

〔1〕調査フェーズ（水素製造･利活用ポテンシャル調査研究）：2年以内","[{""label"": ""事前相談"", ""date"": ""2026-03-23"", ""raw"": ""2026年3月23日（月）""}, {""label"": ""説明会"", ""date"": ""2026-03-26"", ""raw"": ""2026年3月26日（木）14時00分""}, {""label"": ""応募締切"", ""date"": ""2026-04-22"", ""raw"": ""2026年4月22日（水）正午""}]","水素,蓄電池,実証,研究開発,燃料電池・水素",NEDO,2026-06-26,2026-06-26
6,【P23004】 競争的な水素サプライチェーン構築に向けた技術開発事業,プロポーザル,NEDO（新エネルギー・産業技術総合開発機構）,国,2026-03-12,2026-03-27,2026-04-22,P23004,株式会社三菱総合研究所,1,,https://www.nedo.go.jp/koubo/SE2_100001_00129.html,燃料電池・水素,"（イ）水素製造・輸送・貯蔵・利用等に関する調査研究

水素社会の実現に向け、競争的な水素サプライチェーンの構築に資する水素製造・輸送・貯蔵・利用等に関する調査・研究を行う。

我が国の水素社会の構築に向けて、将来の福島水素エネルギー研究フィールド（FH2R）における研究開発の方向性を検討するとともに、福島における水素サプライチェーン構築に向けて、FH2Rを核として需要・供給の両面から課題の解決策を検討し、FH2Rと様々な事業者が連携した中長期的な水素ビジョンを策定する。

委託事業・補助・助成事業の契約手続きに関する情報を掲載しています。","[{""label"": ""説明会の申込期限"", ""date"": ""2026-03-13"", ""raw"": ""2026年3月13日（金）正午""}, {""label"": ""説明会"", ""date"": ""2026-03-16"", ""raw"": ""2026年3月16日（月）10時30分""}, {""label"": ""応募締切"", ""date"": ""2026-03-27"", ""raw"": ""2026年3月27日（金）正午""}]","水素,蓄電池,研究開発,燃料電池・水素",NEDO,2026-06-26,2026-06-26
7,【P25002】 水素利用拡大に向けた共通基盤強化のための研究開発事業,プロポーザル,NEDO（新エネルギー・産業技術総合開発機構）,国,2026-03-02,2026-04-02,,P25002,,,"全体予算770,000万円",https://www.nedo.go.jp/koubo/SE2_100001_00126.html,燃料電池・水素,"国立研究開発法人新エネルギー・産業技術総合開発機構（以下「NEDO」という。）は、下記事業の実施者を広く一般に公募いたしますので、本件について受託を希望する方は、下記に基づきご応募ください。

水素の本格的な普及拡大および我が国の産業競争力強化に向け、水素製造と利用の両翼を担う水電解装置と燃料電池の研究ならびに技術開発を加速化させる。NEDO技術開発ロードマップで示すように、大型商用車の製品ニーズへの適合および水素製造コストの低減に向けては、より一層の高性能化、高耐久化、低コスト化が求められ、従来の研究スピードを大幅に向上させる必要がある。本事業ではDX技術を最大限活用し、燃料電池・水電解分野の研究加速に貢献する共通基盤を構築するとともに、革新的な要素技術開発を連動させることで、本分野の競争力強化を図る。

NEDO技術開発ロードマップ等で定める2035年以降の目標実現を目指して、燃料電池（主にHDV向け）開発および水電解開発の高度化・高速化に資する共通基盤技術を開発する。

NEDO技術開発ロードマップ等で定める2035年以降の目標実現を目指して、燃料電池（主にHDV向け）および水電解、水素貯蔵タンクに関する要素技術を開発する。","[{""label"": ""説明会"", ""date"": ""2026-03-11"", ""raw"": ""2026年3月11日（水）14時30分""}, {""label"": ""応募締切"", ""date"": ""2026-04-02"", ""raw"": ""2026年4月2日（木）正午""}]","水素,蓄電池,研究開発,燃料電池・水素",NEDO,2026-06-26,2026-06-26
8,【P25011】 太陽光発電導入拡大等技術開発事業 （NEDOプロジェクトを核とした人材育成、産学連携等の総合的展開）［ペロブスカイト太陽電池の研究開発・実装を担う人材育成特別講座］,プロポーザル,NEDO（新エネルギー・産業技術総合開発機構）,国,2026-06-10,2026-07-14,,P25011,,,"全体予算2,000万円以内",https://www.nedo.go.jp/koubo/FF2_100466.html,太陽光発電,"ペロブスカイト太陽電池は、成膜を塗布によって行うため様々な基板で作製できる特長を有しており、従来の結晶シリコン太陽電池では設置が困難であった場所への適用が期待され、次世代型太陽電池として、国内外で研究開発および社会実装に向けた量産化に関する競争が激化しています。

一方で、材料開発、製膜プロセス、デバイス構造設計、性能・信頼性評価、生産技術・量産化検討までを一体的に理解し、研究開発から実装段階までを担える人材が十分に育成・確保されているとは言い難い状況にあります。特に、大学・研究機関での基礎研究と、企業における実用化・量産化の間を橋渡しできる実践的スキルを有する人材の不足が、技術の社会実装を加速する上での制約となりつつあります。

こうした課題を踏まえ、産業界・大学・研究機関が連携し、分野横断的かつ実践的な教育・育成プログラムを通じて、ペロブスカイト太陽電池の研究開発・実装を将来的に担う人材を計画的に育成する仕組みを構築することが急務です。

本講座では、「研究から社会実装までを俯瞰できる人材の育成」を基本コンセプトとし、ペロブスカイト太陽電池に関する基礎から応用までの体系的知識と、実験・評価等の実践的スキルを有する人材を育成します。また、産学官の連携を通じ、研究開発と実用化・量産化のギャップを理解し、現場で即戦力となり得る人材層を形成します。","[{""label"": ""説明会"", ""date"": ""2026-06-18"", ""raw"": ""2026年6月18日（木）10時00分""}]","太陽光,蓄電池,研究開発,太陽光発電",NEDO,2026-06-26,2026-06-26
9,【P21016】 グリーンイノベーション基金事業 （次世代型太陽電池の開発）［次世代型単接合太陽電池実証事業］,プロポーザル,NEDO（新エネルギー・産業技術総合開発機構）,国,2026-05-01,2026-06-12,,P21016,,,,https://www.nedo.go.jp/koubo/FF2_100459.html,太陽光発電,"本事業では、軽量性や壁面等の曲面にも設置可能な柔軟性等を兼ね備え、性能面（変換効率や耐久性等）でも既存電池に匹敵する次世代型太陽電池（ペロブスカイト）の量産技術開発と社会実装を実現するための実証事業を行います。

本研究開発においては、品質を安定させつつ大量生産可能な量産技術の確立に向けた量産化技術開発を行う。またこれと並行して、ペロブスカイト太陽電池の性能検証・改良やユーザー企業等との仕様や開発方向性の摺り合わせなどを通して、早期の実用化、社会実装を目指す、ユーザー企業と連携した実証事業を実施する。

参加を希望される方は、申込期限までに下記「説明会に申し込む」からお申し込みください。

委託事業・補助・助成事業の契約手続きに関する情報を掲載しています。","[{""label"": ""説明会の申込期限"", ""date"": ""2026-05-11"", ""raw"": ""2026年5月11日（月）17時""}]","太陽光,蓄電池,脱炭素・GX,実証,太陽光発電",NEDO,2026-06-26,2026-06-26
10,【P07015｜P13010｜P14022】 風力発電等技術研究開発（洋上風力発電等技術研究開発）[浮体搭載用風車を含むアジア太平洋地域に適した風車に係る産業技術動向調査],プロポーザル,NEDO（新エネルギー・産業技術総合開発機構）,国,2026-05-27,2026-06-26,,P07015｜P13010｜P14022,,,"15,000万円未満（税込）",https://www.nedo.go.jp/koubo/FF2_100461.html,風力発電,"第7次エネルギー基本計画では、エネルギー安定供給と脱炭素を両立する観点から、再生可能エネルギーを主力電源として最大限導入することとしています。とりわけ洋上風力発電は、今後コスト低減が見込まれる電源として、わが国の電力供給の一定割合を占めることが見込まれ、急速なコストダウンと案件形成が進展する海外と同様、我が国の再生可能エネルギーの主力電源化に向けた「切り札」として、2040年までに浮体式も含む30GW～45GWの案件を形成することを目指しています。

また、2025年8月に「洋上風力の産業競争力強化に向けた官民協議会」が策定した「洋上風力産業ビジョン（第2次）」では、風車の国内サプライチェーン構築を重要課題とし、これらの国内製造・供給力の強化を掲げています。

本調査では、これら風力発電に係るサプライチェーンのうち、特に風力発電機及びそのコンポーネント並びに運転保守等に必要となる製品・サービスに関する技術開発動向に加えて、国内外のプレイヤーの最新動向やマクロトレンドなどを踏まえつつ、わが国風車サプライチェーンの各レイヤーにおけるビジネスモデルの分析やその実現に向けた体制面・資金面での検討を行います。これにより、風車サプライチェーンの国内立地促進に向けた取り組みを推進するとともに、これら競争力強化に直結する基準・認証・試験スキームの国内体制構築に向けた課題等を整理し、わが国風車サプライチェーンの構築及び国際競争力強化を図ることを目的とします。

委託事業・補助・助成事業の契約手続きに関する情報を掲載しています。","[{""label"": ""説明会"", ""date"": ""2026-06-05"", ""raw"": ""2026年6月5日（金）15時00分""}, {""label"": ""説明会の申込期限"", ""date"": ""2026-06-05"", ""raw"": ""2026年6月5日（金）正午""}, {""label"": ""応募締切"", ""date"": ""2026-06-26"", ""raw"": ""2026年6月26日（金）正午""}]","洋上風力,風力,国際,調査,研究開発,風力発電",NEDO,2026-06-26,2026-06-26
11,【P07015｜P13010｜P14022】 風力発電等技術研究開発（洋上風力発電等技術研究開発）[次世代浮体式洋上風力発電システム実証研究（浮体式洋上風力発電の導入促進に資する次世代技術の開発）],プロポーザル,NEDO（新エネルギー・産業技術総合開発機構）,国,2026-04-27,2026-05-29,,P07015｜P13010｜P14022,,,"290,000万円以内（税込）",https://www.nedo.go.jp/koubo/FF2_100458.html,風力発電,"洋上風力発電は、再生可能エネルギーの主力電源化に向けた中核であり、我が国の気象・海象条件に適した技術の確立とコスト低減が求められています。本事業では、浮体式洋上風力発電を対象に、2040年以降の一層の導入拡大を見据え、中長期的な観点から、我が国周辺海域の特性（気象・海象条件、海域・水深特性）、系統・施工・保守等を踏まえた技術課題の抽出・整理・検証を行います。あわせて、信頼性・耐久性の向上、環境影響の把握・評価手法、社会受容性の確保、国内サプライチェーン・標準化との連携に資する取組を推進し、導入コストの着実な低減と産業競争力の強化に資することを目的とします。

委託事業・補助・助成事業の契約手続きに関する情報を掲載しています。

© New Energy and Industrial Technology Development Organization. All rights reserved.","[{""label"": ""説明会"", ""date"": ""2026-05-11"", ""raw"": ""2026年5月11日（月）15時""}, {""label"": ""説明会の申込期限"", ""date"": ""2026-05-11"", ""raw"": ""2026年5月11日（月）正午""}, {""label"": ""応募締切"", ""date"": ""2026-05-29"", ""raw"": ""2026年5月29日（金）正午""}]","洋上風力,風力,実証,研究開発,風力発電",NEDO,2026-06-26,2026-06-26
12,【P10020】 新エネルギー等のシーズ発掘・事業化に向けた技術研究開発事業,プロポーザル,NEDO（新エネルギー・産業技術総合開発機構）,国,2026-03-27,2026-05-14,,P10020,,,,https://www.nedo.go.jp/koubo/FF2_100457.html,風力発電,"本事業は、再生可能エネルギーの導入促進・普及拡大、低炭素・脱炭素化技術の開発促進に貢献し、再生可能エネルギーの主力電源化の達成に資する研究開発を公募により実施するものです。具体的には、再生可能エネルギーの主力電源化達成に資する技術分野のうち、特に政策的意義が高い分野に絞り、その早期実用化に向け、実証事業を支援します。

また、本事業は、「新エネ中小・スタートアップ支援制度」（中小企業等を対象とする）及び「未来型新エネ実証制度」（中小企業等および大企業を対象とする）の2つの支援制度からなるものです。本公募では、2つの支援制度のうち「未来型新エネ実証制度」について再生可能エネルギーの普及拡大や、低炭素・脱炭素化技術の開発に取り組む提案を広く募集します。

（「新エネ中小・スタートアップ支援制度」の公募もご参照ください。）

なお、福島イノベーション・コースト構想の推進につながる再生可能エネルギー分野の研究開発について支援を強化することにより、福島県浜通り地域の復興・再生に貢献します。",,"風力,研究開発,風力発電",NEDO,2026-06-26,2026-06-26
13,【P21025】 グリーンイノベーション基金事業／廃棄物・資源循環分野におけるカーボンニュートラル実現,プロポーザル,NEDO（新エネルギー・産業技術総合開発機構）,国,2026-06-15,2026-07-15,,P21025,,,,https://www.nedo.go.jp/koubo/EV2_100324.html,バイオマス燃料開発,"国立研究開発法人新エネルギー・産業技術総合開発機構（以下「NEDO」という。）は、「グリーンイノベーション基金事業／廃棄物・資源循環分野におけるカーボンニュートラル実現」について、2023年度に実施者を公募・採択し、技術開発を進めていますが、本年4月に産業構造審議会 グリーンイノベーションプロジェクト部会　グリーン電力の普及促進等分野ワーキンググループの審議を経て、研究開発・社会実装計画が改定され、プロジェクトの追加・見直しが行われたことから、これらの実施者を公募します。

「2050年カーボンニュートラル」の目標達成に向け、官民で野心的かつ具体的な目標を共有した上で、これに経営課題として取り組む企業等に対して、長期に渡り、研究開発・実証から社会実装までを継続して支援する「グリーンイノベーション基金事業」の一環として、NEDOは「廃棄物・資源循環分野におけるカーボンニュートラル実現」にかかる技術開発事業を実施しています。

廃棄物分野では、プラスチック等の焼却によるCO2排出や、有機性廃棄物の埋立処分によるメタンの排出などにより、温室効果ガス（GHG）が排出されます。カーボンニュートラル実現のためには、3Rをさらに推進した上で、なお残る廃棄物の処理に伴って排出されるGHGを削減することが必要です。

このため、本プロジェクトでは、廃棄物処理によるGHG排出実質ゼロを目指し、廃棄物中の炭素を安定的・効率的に回収して資源として産業に循環・供給する「カーボンニュートラル型炭素循環プラント（CN型炭素循環プラント）」実現のための技術開発・実証を行い、社会実装モデルの創出を目指します。","[{""label"": ""説明会の申込期限"", ""date"": ""2026-06-19"", ""raw"": ""2026年6月19日（金）正午""}, {""label"": ""説明会"", ""date"": ""2026-06-23"", ""raw"": ""2026年6月23日（火）13時30分""}, {""label"": ""応募締切"", ""date"": ""2026-07-15"", ""raw"": ""2026年7月15日（水）正午""}]","脱炭素・GX,資源・リサイクル,バイオ・医療,バイオマス燃料開発",NEDO,2026-06-26,2026-06-26
14,【P21002】 木質バイオマス燃料等の安定的・効率的な供給・利用システム構築支援事業,プロポーザル,NEDO（新エネルギー・産業技術総合開発機構）,国,2026-03-02,2026-04-06,2026-04-20,P21002,,1,"全体予算80,000万円",https://www.nedo.go.jp/koubo/FF2_100450.html,バイオマス燃料開発,"国立研究開発法人新エネルギー・産業技術総合開発機構（以下「NEDO」という。）は、下記事業の実施者を広く一般に公募いたしますので、本件について補助を希望する方は、下記に基づきご応募ください。

バイオマスエネルギーの利用拡大を推進し、木質バイオマス燃料に係る事業の持続性に資するためには、国産木質バイオマス燃料の資源量拡大、燃料の安定供給確保、発電コストの低減、地域との共生が必要です。特に、木質バイオマス発電については、燃料の安定的・効率的な供給・利用システムが発展途上であり、森林・林業と発電事業等が持続可能な形で共生する商慣行が定着していないという課題があります。本事業では、森林・林業等と持続可能な形で共生する木質バイオマス燃料等の安定的・効率的な供給・利用システムの構築、商慣行定着を目指して、下記の事業を実施します。

委託事業・補助・助成事業の契約手続きに関する情報を掲載しています。

© New Energy and Industrial Technology Development Organization. All rights reserved.","[{""label"": ""説明会"", ""date"": ""2026-03-09"", ""raw"": ""2026年3月9日（月）14時00分""}, {""label"": ""応募締切"", ""date"": ""2026-04-06"", ""raw"": ""2026年4月6日（月）正午""}]","バイオ・医療,バイオマス燃料開発",NEDO,2026-06-26,2026-06-26
15,【P26012】 地熱ポテンシャル高度利活用技術開発,プロポーザル,NEDO（新エネルギー・産業技術総合開発機構）,国,2026-06-05,2026-06-19,,P26012,,,"2,000万円以内",https://www.nedo.go.jp/koubo/FF2_100465.html,地熱発電・再生可能エネルギー熱利用,"国立研究開発法人新エネルギー・産業技術総合開発機構（以下「NEDO」という。）は、「次世代型地熱の適切な活用に係る調査・分析等」について、実施者を広く一般に公募しますので、本件について受託を希望する方は、下記に基づきご応募ください。

なお、本事業は政府予算に基づき実施するため、予算案等の審議状況や政府方針の変更等により、事業や公募の内容等が変更されることがあります。

地熱発電は、安定的な発電が可能であるとともに、地域資源の有効活用を通じて産業振興や地域活性化にも資する電源である。日本は世界的に高い地熱資源ポテンシャルを有するものの、調査・開発リスクの高さ、事業採算性、制度・社会受容性等の複合的な要因により、地熱発電の導入量は限定的となっている。

NEDOでは、更なる地熱発電の導入拡大に向け、従来型地熱および次世代型地熱に対する取り組みを推進している。","[{""label"": ""応募締切"", ""date"": ""2026-06-19"", ""raw"": ""2026年6月19日（金）正午""}]","研究開発,地熱発電・再生可能エネルギー熱利用",NEDO,2026-06-26,2026-06-26
16,【P26012】 地熱ポテンシャル高度利活用技術開発,プロポーザル,NEDO（新エネルギー・産業技術総合開発機構）,国,2026-03-30,2026-05-22,,P26012,,,"全体予算60,000万円程度",https://www.nedo.go.jp/koubo/FF2_100454.html,地熱発電・再生可能エネルギー熱利用,"国立研究開発法人新エネルギー・産業技術総合開発機構（以下「NEDO」という。）は、「地熱ポテンシャル高度利活用技術開発」について、実施者を広く一般に公募いたしますので、本件について受託を希望する方は、下記に基づき、ご応募ください。

なお、本事業は政府予算に基づき実施するため、予算案等の審議状況や政府方針の変更等により、事業や公募の内容等が変更されることがあります。

2025年2月に閣議決定された「第7次エネルギー基本計画」では、地熱発電を「安定的に発電を行うことが可能なエネルギー源であり、地域資源の有効活用を通じて産業振興や地域社会に貢献し、地域活性化にも資するものである。」と位置付けられています。日本は世界的にも高い地熱資源ポテンシャルを有しておりますが、様々な障壁により、地熱発電の導入量は限定的です。本事業では、更なる地熱ポテンシャルの利活用を目的として、環境対応に係るリードタイムの削減、スケール生成による影響の低減、酸性流体に起因する事業性への影響低減、超臨界地熱資源活用に係る技術開発を実施します。

基本計画に記載のうち、以下4項目の研究開発内容に関する募集を行います。","[{""label"": ""説明会"", ""date"": ""2026-04-06"", ""raw"": ""2026年4月6日（月）10時00分""}, {""label"": ""応募締切"", ""date"": ""2026-05-22"", ""raw"": ""2026年5月22日（金）正午""}]","研究開発,地熱発電・再生可能エネルギー熱利用",NEDO,2026-06-26,2026-06-26
17,【P26012】 地熱ポテンシャル高度利活用技術開発（次世代型地熱の適切な活用に係る調査・分析等）,プロポーザル,NEDO（新エネルギー・産業技術総合開発機構）,国,2026-03-25,2026-04-08,2026-04-24,P26012,地熱技術開発株式会社,1,"2,000万円以内",https://www.nedo.go.jp/koubo/FF2_100455.html,地熱発電・再生可能エネルギー熱利用,"国立研究開発法人新エネルギー・産業技術総合開発機構（以下「NEDO」という。）は、「次世代型地熱の適切な活用に係る調査・分析等」について、実施者を広く一般に公募いたしますので、本件について受託を希望する方は、下記に基づき、ご応募ください。

なお、本事業は政府予算に基づき実施するため、予算案等の審議状況や政府方針の変更等により、事業や公募の内容等が変更されることがあります。

2025年2月に公表された第7次エネルギー基本計画では、現状の4倍以上に地熱資源のポテンシャルを拡大する可能性がある次世代型地熱技術について、2030年代の早期の実用化を目指し、研究開発・実証を進め、事業化につなげることとしている。2025年4月からは、資源エネルギー庁にて「次世代型地熱推進官民協議会」が複数回開催され、同年10月には「中間とりまとめ」が公表された。次世代型地熱技術とされる、クローズドループ、EGS、超臨界地熱等の実用化に向けては、従来型地熱とは異なる課題が想定されるところ。

本調査では、資源エネルギー庁で実施した次世代型地熱推進官民協議会でとりまとめられた技術（超臨界地熱、クローズドループ、EGS等）の日本国内における先行導入や実用化に向けて、国内外の事例調査や実態調査等を行うほか、収集した情報等を踏まえた第三者検討会にて、それぞれの技術的特徴やその影響等について整理を行うことを目的とする。","[{""label"": ""応募締切"", ""date"": ""2026-04-08"", ""raw"": ""2026年4月8日（水）正午""}]","調査,研究開発,地熱発電・再生可能エネルギー熱利用",NEDO,2026-06-26,2026-06-26
18,【P26005】 保守・運用も見据えた長距離海底送電ケーブルの施工・管理に係る統合的基盤技術検討,プロポーザル,NEDO（新エネルギー・産業技術総合開発機構）,国,2026-02-20,2026-03-16,2026-05-01,P26005,東京電力パワーグリッド株式会社電源開発送変電ネットワーク株式会社住友電気工業株式会社古河電気工業株式会社沖電気工業株式会社深田サルベージ建設株式会社,1,"2,000万円以内",https://www.nedo.go.jp/koubo/FF2_100453.html,電力ネットワーク,"国立研究開発法人新エネルギー・産業技術総合開発機構（以下「NEDO」という。）は、「保守・運用も見据えた長距離海底送電ケーブルの施工・管理に係る統合的基盤技術検討」について、実施者を広く一般に公募いたしますので、本件について受託を希望する方は、下記に基づき、ご応募ください。

なお、本事業は政府予算に基づき実施するため、予算案等の審議状況や政府方針の変更等により、事業や公募の内容等が変更されることがあります。

北海道など再生可能エネルギーの適地から大消費地への電力供給を実現するため、国内では地域連系線の整備計画が進行中です。また、将来の浮体式洋上風力発電の拡大局面には、沖合から陸上への長距離海底送電ケーブルの敷設も不可欠となります。そのため、NEDOはこれまで、海底ケーブル防護工法や作業船舶の基本設計など、ケーブル敷設に必要な技術開発を進めてきました。

敷設後の設備の長期安定運転や事故時の迅速な対応の観点から、保守・運用技術の高度化が社会的・経済的にも重要な課題となっています。そこで、長距離海底送電ケーブルの施工・管理に係る統合的基盤技術開発に向けて、フィージビリティ・スタディ（FS）を実施します。FSでは、長距離海底送電ケーブルの保守・運用も見据えた監視・点検技術や、外傷事故の予防等、有事対応を含む施工・管理技術の実現可能性を調査・検討し、今後の技術開発・実証に向けた基礎情報を得ることを目的とします。","[{""label"": ""説明会"", ""date"": ""2026-03-02"", ""raw"": ""2026年3月2日（月）11時00分""}, {""label"": ""応募締切"", ""date"": ""2026-03-16"", ""raw"": ""2026年3月16日（月）正午""}]",電力ネットワーク,NEDO,2026-06-26,2026-06-26
19,【P22001】 カーボンリサイクル・火力発電の脱炭素化技術等国際協力事業／カーボンマネジメントに係る国際連携事業／カーボンリサイクル関連技術及び脱炭素化技術等の海外展開可能性の調査,プロポーザル,NEDO（新エネルギー・産業技術総合開発機構）,国,2026-04-15,2026-04-28,2026-06-19,P22001,,1,"1件あたり2,000万円以内",https://www.nedo.go.jp/koubo/EV2_100318.html,カーボンリサイクル,"2025年2月に閣議決定された「第7次エネルギー基本計画」において、CCUの中でもカーボンリサイクルについては、CO2を資源として捉え、素材や燃料等へ再利用することでCO2排出抑制が可能となることから、我が国としては「カーボンリサイクルロードマップ」を踏まえて、技術開発・社会実装、国際展開、CO2サプライチェーンの構築を推進していくことが示されています。また、今次計画においても引き続き重要な役割を担うとされる火力発電については、新技術の導入等による脱炭素化の推進、さらに、そのような我が国技術を用いて、東南アジアをはじめとする世界の脱炭素化に貢献する国際協力の必要性が併せて謳われています。

本調査事業では、我が国のカーボンリサイクル・脱炭素化技術に関心を有する国を対象とし、これらの国々に技術を展開・普及する可能性を検討します。また、展開の候補となりうる国・地域の特定、当該国・地域の政策動向や市場見通し等にかかる情報収集、連携候補先組織の特定など、潜在的な可能性を見いだし、将来の具体的な検討を進めるための調査を行います。

応募状況等により、公募期間を延長する場合があります。公募期間を延長する場合は、NEDOウェブサイトの公募ページ上でお知らせいたします。

委託事業・補助・助成事業の契約手続きに関する情報を掲載しています。","[{""label"": ""説明会の申込期限"", ""date"": ""2026-04-17"", ""raw"": ""2026年4月17日（金）17時""}, {""label"": ""説明会"", ""date"": ""2026-04-20"", ""raw"": ""2026年4月20日（月）14時00分""}, {""label"": ""応募締切"", ""date"": ""2026-04-28"", ""raw"": ""2026年4月28日（火）正午""}]","脱炭素・GX,資源・リサイクル,国際,調査,カーボンリサイクル",NEDO,2026-06-26,2026-06-26
20,【P*****】 ゲーミフィケーションを活用した気候変動問題に対する意識変革／行動変容に関する調査,プロポーザル,NEDO（新エネルギー・産業技術総合開発機構）,国,2026-04-15,2026-04-28,2026-05-29,P*****,株式会社ClassroomAdventure,1,"1件あたり1,100万円以内",https://www.nedo.go.jp/koubo/EV2_100323.html,カーボンリサイクル,"温室効果ガス排出削減を通じた脱炭素社会の実現は、我が国における喫緊の政策課題です。気候変動問題への対応にとどまらず、エネルギーの安定供給の確保、国際競争力の維持・強化、産業構造転換を通じた中長期的な経済成長と一体的に推進していくことが重要であり、政府としても「成長志向型カーボンニュートラル」やGX（グリーントランスフォーメーション）の実現を掲げています。その実現には、国や企業の取組に加え、国民一人ひとりが自らの生活や消費、行動、と将来の経済・社会の姿との関係性を理解し、消費者を含めた社会全体での行動変容が強く求められています。

一方で、気候変動問題やGXの取組は専門性が高く、特に学生や若い世代においては自らの行動が社会全体や経済、エネルギーシステムに与える影響を具体的にイメージできず、行動に結びついていない状況が見受けられます。

これまで、NEDOは、講演やセミナー等を通じて、気候変動問題やGXに関する情報発信や啓発活動を行ってきましたが、従来型の情報提供のみでは具体的な行動変容まで十分に訴求できていないという課題がありました。

そこで本事業では、ゲーム要素を活用して学習や体験を促す「ゲーミフィケーション」を活用した、気候変動問題に関するプロダクト（スマートフォンアプリ等）を試作・検証し、ゲームの楽しさや没入感を通じて、気候変動対応がエネルギーの安定供給や経済成長と両立しつつ進められるべき課題であること、日常生活における行動選択が将来社会に与える影響について理解を促すことで、意識変革および行動変容につながる可能性を明らかにする調査を実施します。","[{""label"": ""応募締切"", ""date"": ""2026-04-28"", ""raw"": ""2026年4月28日（火）正午""}]","資源・リサイクル,調査,カーボンリサイクル",NEDO,2026-06-26,2026-06-26
21,【P22001】 カーボンリサイクル・火力発電の脱炭素化技術等国際協力事業／カーボンマネジメントに係る国際連携事業／カーボンリサイクル等に関する国際会議及び情報発信等事業,プロポーザル,NEDO（新エネルギー・産業技術総合開発機構）,国,2026-01-23,2026-03-06,2026-04-16,P22001,,1,,https://www.nedo.go.jp/koubo/EV2_100316.html,カーボンリサイクル,"なお、本事業は、2026年度の政府予算に基づき実施するため、予算案等の審議状況や政府方針の変更等により、公募の内容や採択後の実施計画、概算払いの時期等が変更される場合があります。

2050年カーボンニュートラルの実現に向け、CO2を原料として捉え再利用する「カーボンリサイクル」は経済と環境の好循環を実現するための鍵であり、グリーン成長戦略においても重要分野と位置づけられています。NEDOでは、カーボンリサイクルについて、各国が将来的な社会実装に向けた技術開発・実証に取り組むことを確認するとともに、各国間の協力関係を強化する議論を実施する場として、「カーボンリサイクルに関する国際会議」を実施しています。加えて、CCUS等を含むエネルギー分野に係る国際会議及び調査等も実施し、カーボンニュートラル実現に資する幅広い議論の場を恒常的に提供しています。

このように、カーボンリサイクル分野等における国際連携の強化を推進するため「カーボンリサイクル等に関する国際会議及び情報発信等事業」を行います。

応募状況等により、公募期間を延長する場合があります。公募期間を延長する場合は、NEDO Webサイトの公募ページ上でお知らせいたします。","[{""label"": ""説明会の申込期限"", ""date"": ""2026-01-28"", ""raw"": ""2026年1月28日（水）17時""}, {""label"": ""説明会"", ""date"": ""2026-01-29"", ""raw"": ""2026年1月29日（木）14時00分""}, {""label"": ""応募締切"", ""date"": ""2026-03-06"", ""raw"": ""2026年3月6日（金）正午""}]","脱炭素・GX,資源・リサイクル,国際,カーボンリサイクル",NEDO,2026-06-26,2026-06-26
22,【P26003】 アルミニウム再生地金製造技術開発事業,プロポーザル,NEDO（新エネルギー・産業技術総合開発機構）,国,2026-03-13,2026-04-23,2026-06-08,P26003,株式会社UACJサイクラーズ株式会社株式会社神戸製鋼所神鋼商事株式会社三協立山株式会社学校法人早稲田大学アサヒセイレン株式会社一般社団法人日本アルミニウム協会,1,"全体予算14,000万円",https://www.nedo.go.jp/koubo/EV2_100317.html,3R,"近年、資源・エネルギー需要の拡大や環境問題の深刻化を背景に、経済活動において資源投入量・消費量を抑えつつ循環経済を確立することで付加価値の最大化を図る資源自律経済への転換が求められています。

アルミニウムは軽量で強度や耐食性に優れており、自動車や建築、日用品など幅広い分野で利用され、今後も需要が増えると見込まれています。スクラップから製造されるアルミニウム再生地金は、新地金よりも製造エネルギーが少なく、GHG排出を大きく削減できるうえ、輸入に頼る資源調達のリスク低減にもつながります。再生アルミニウムは既に一部製品で利用されていますが、異種金属の混入に強い鋳造材が中心であり、展伸材での利用拡大に向けた取り組みが求められています。

本事業では、アルミニウムが国内循環する社会の実現に貢献するべく、市中から回収されるアルミニウムスクラップから展伸材として再利用可能なアルミニウム再生地金の製造プロセスの確立に向けて、高度選別技術の開発を実施します。

委託事業・補助・助成事業の契約手続きに関する情報を掲載しています。","[{""label"": ""説明会の申込期限"", ""date"": ""2026-03-18"", ""raw"": ""2026年3月18日（水）17時""}, {""label"": ""説明会"", ""date"": ""2026-03-19"", ""raw"": ""2026年3月19日（木）11時00分""}, {""label"": ""応募締切"", ""date"": ""2026-04-23"", ""raw"": ""2026年4月23日（木）正午""}]","研究開発,3R",NEDO,2026-06-26,2026-06-26
23,【P20017】 ポスト5G情報通信システム基盤強化研究開発事業,プロポーザル,NEDO（新エネルギー・産業技術総合開発機構）,国,2026-02-10,2026-03-09,2026-05-08,P20017,,1,,https://www.nedo.go.jp/koubo/NA2_100260.html,半導体,"第4世代移動通信システム（4G）と比べてより高度な第5世代移動通信システム（5G）は、現在各国で高速大容量通信を主にした商用サービスが開始されているが、更に超低遅延や多数同時接続といった機能が強化された5G（以下、「ポスト5G」という。）は、今後、多様な産業用途への活用が見込まれており、我が国の競争力の核となり得る技術と期待されています。

経済産業省及びNEDOが取り組む「ポスト5G情報通信システム基盤強化研究開発事業」では、経済産業省が定める研究開発計画に基づき、ポスト5Gで必要となる先端的な半導体を将来的に国内で製造できる技術を確保するため、研究開発項目〔2〕「先端半導体製造技術の開発」を実施しています。他方で、ますます競争が激化し、変化が加速していく半導体関連市場においては、個別の取組を企画・立案し、実行していくにあたって、半導体・デジタル産業戦略に基づき合目的的か、半導体のバリューチェーンやグローバルサプライチェーン全体を俯瞰した時、取組間に不整合がないか、十分な効果が見込めるかなどを多面的に検証した上で行うことが、我が国の国際的競争力確保の面から不可欠となります。

そこで、本調査では、新たな技術の勃興や社会経済状況の変化などに応じて、我が国の半導体関連事業を国際的な競争環境や、市場の技術動向、グローバルサプライチェーンの全体俯瞰とそれへの各国政策の影響、海外から見た我が国半導体産業の重要性に応じて深く検証・精緻化し、我が国全体の半導体戦略に鑑みて合理的、最適化するために必要な調査分析を行います。

委託事業・補助・助成事業の契約手続きに関する情報を掲載しています。","[{""label"": ""説明会"", ""date"": ""2026-02-17"", ""raw"": ""2026年2月17日（火）14時00分""}, {""label"": ""応募締切"", ""date"": ""2026-03-09"", ""raw"": ""2026年3月9日（月）正午""}]","半導体・レーザー,研究開発,半導体",NEDO,2026-06-26,2026-06-26
24,【P23015】 省エネAI半導体及びシステムに関する技術開発事業,プロポーザル,NEDO（新エネルギー・産業技術総合開発機構）,国,2026-06-08,2026-06-26,,P23015,,,,https://www.nedo.go.jp/koubo/IT2_100396.html,情報インフラ,"IoT社会の到来により急増した情報を活用するためには、ネットワークの末端（エッジ）側で中心的な情報処理を行うエッジコンピューティング等、従来のサーバー（クラウド）集約型から情報処理の分散化を実現することが不可欠です。

このような背景から、NEDOでは研究開発として「省エネAI半導体及びシステムに関する技術開発事業」にて、エッジ領域においてAI技術を活用した高度な情報処理を行うことでクラウド領域でのデータ量増大・消費電力増を抑えるAIエッジコンピューティング技術に関する研究開発を実施しており、研究開発で得られた成果の知的財産化や国際標準化に向けた活動を推進しています。

本調査は、研究開発の技術領域としてAIエッジコンピューティングの知財活動状況等を調査し、研究開発成果の社会実装に向けて顕在化している課題及びその解決に向けた方策を整理した上で、今後取り組むべき知財戦略及び標準化戦略を取りまとめてNEDOに報告・提言することで、プロジェクト成果の普及・実用化による社会問題の解決等に資することを目的として行うものです。

委託事業・補助・助成事業の契約手続きに関する情報を掲載しています。","[{""label"": ""説明会の申込期限"", ""date"": ""2026-06-11"", ""raw"": ""2026年6月11日（木）正午""}, {""label"": ""説明会"", ""date"": ""2026-06-12"", ""raw"": ""2026年6月12日（金）14時00分""}, {""label"": ""応募締切"", ""date"": ""2026-06-26"", ""raw"": ""2026年6月26日（金）正午""}]","AI・データ,半導体・レーザー,研究開発,情報インフラ",NEDO,2026-06-26,2026-06-26
25,【P25008】 ウラノス・エコシステムの実現のためのデータ連携システム構築・実証事業,プロポーザル,NEDO（新エネルギー・産業技術総合開発機構）,国,2026-03-06,2026-04-23,,P25008,,,"全体予算37,500万円",https://www.nedo.go.jp/koubo/IT2_100384.html,情報インフラ,"国立研究開発法人新エネルギー・産業技術総合開発機構（以下「NEDO」という。）は、下記事業の実施者を広く一般に公募いたしますので、本件について受託を希望する方は、下記に基づきご応募ください。本事業は、2026年度の政府予算に基づき実施するため、政府方針の変更等により、公募の内容や予算規模等が変更されることがあります。

本事業では、ウラノス・エコシステムの実現に向けて、海外プラットフォームなどとの相互接続やトラスト確保の在り方などを検討し、その実現に向けたデータスペース基盤整備・普及促進事業を行うとともに、産業界でニーズの高い蓄電池及び化学物質情報の分野におけるデータ連携システムの開発や実証を行っています。なお、今回は化学物質情報の分野におけるデータ連携システムの普及促進に係る調査、追加機能の調査・研究開発、アプリケーション利用技術者養成に加えて、テキスタイル分野及び建設分野におけるプラットフォーム設計に係る調査、概念実証等について追加公募を行います。

NEDOが指定する日から2028年3月31日まで（最長）

応募状況等により、公募期間を変更することがあります。公募期間を変更する場合には、NEDO Webサイトにてお知らせします。","[{""label"": ""説明会"", ""date"": ""2026-03-12"", ""raw"": ""2026年3月12日（木）11時00分""}]","実証,情報インフラ",NEDO,2026-06-26,2026-06-26
26,【P20017】 ポスト5G情報通信システム基盤強化研究開発事業／ポスト5G情報通信システムの開発（補助）,プロポーザル,NEDO（新エネルギー・産業技術総合開発機構）,国,2025-09-12,2025-10-24,2026-05-13,P20017,,1,,https://www.nedo.go.jp/koubo/IT2_100368.html,情報インフラ,"国立研究開発法人新エネルギー・産業技術総合開発機構（以下「NEDO」という。）は、下記事業の実施者を一般に広く公募いたしますので、本件について応募を希望する方は、下記に基づき御応募ください。

第4世代移動通信システム（4G）と比べてより高度な第5世代移動通信システム（5G）は、現在各国で商用サービスが始まっていますが、さらに超低遅延や多数同時接続といった機能が強化された5G（以下、「ポスト5G」という。）は、今後、工場や自動車といった多様な産業用途への活用が見込まれており、我が国の競争力の核となり得る技術と期待されています。経済産業省及びNEDOにて取り組む「ポスト5G情報通信システム基盤強化研究開発事業」では、研究開発の進捗や技術動向・市場動向等を踏まえ、経済産業省が定めた研究開発計画に基づき、「ポスト5G情報通信システムの開発」を実施しています。

本公募では、研究開発計画における以下の開発テーマを対象とします。研究開発計画の要件等を満たすよう応募をしてください。

府省共通研究開発管理システム（e-Rad）に提案内容等をご登録いただく必要がございます。提案内容のご登録方法等、詳細は公募要領等をご覧ください。e-Radをご利用になるためには、御所属の研究機関（企業、国立研究開発法人、大学等の法人）又は研究者本人がe-Radに登録され、ログインID、パスワードを取得しておく必要がございます。登録方法については以下のページをご覧ください。","[{""label"": ""説明会の申込期限"", ""date"": ""2025-09-22"", ""raw"": ""2025年9月22日（月）17時00分""}, {""label"": ""説明会"", ""date"": ""2025-09-24"", ""raw"": ""2025年9月24日（水）11時00分""}]","研究開発,情報インフラ",NEDO,2026-06-26,2026-06-26
27,【P26013】 AIロボット・フィジカルAIを見据えたマルチモーダル基盤モデル開発事業,プロポーザル,NEDO（新エネルギー・産業技術総合開発機構）,国,2026-05-22,2026-06-22,,P26013,,,,https://www.nedo.go.jp/koubo/CD2_100437.html,AI,"生成AIは、インターネットに匹敵する技術革新とも言われ、労働力不足などの社会課題の解決にも貢献することが期待されています。中でも、フィジカルAIが実現することによって製造業等の生産性向上やエネルギー消費の効率化が進むと考えられる一方で、国内外における生成AIの開発競争は激化しており、日々新たなトレンドや先進的な技術が生まれる状況でもあります。

今後、国内外で既存の汎用基盤モデルに加え様々な領域特化モデルの開発や、マルチモーダルなAI基盤モデルの開発が進むことも予見される中で、国内外の関連する技術動向等の情報収集を実施するとともに、「AIロボット・フィジカルAIを見据えたマルチモーダル基盤モデル開発事業」として目指すべき目標や研究開発の方向性、成果の最大化に必要となる提言を取りまとめるための調査を実施します。

委託事業・補助・助成事業の契約手続きに関する情報を掲載しています。

© New Energy and Industrial Technology Development Organization. All rights reserved.","[{""label"": ""説明会の申込期限"", ""date"": ""2026-06-01"", ""raw"": ""2026年6月1日（月）17時""}, {""label"": ""説明会"", ""date"": ""2026-06-02"", ""raw"": ""2026年6月2日（火）13時30分""}, {""label"": ""応募締切"", ""date"": ""2026-06-22"", ""raw"": ""2026年6月22日（月）正午""}]","AI・データ,ロボット・ドローン,AI",NEDO,2026-06-26,2026-06-26
28,【P26011】 ポスト5G情報通信システム基盤強化研究開発事業／ロボット基盤モデルの研究開発（GENIAC）,プロポーザル,NEDO（新エネルギー・産業技術総合開発機構）,国,2026-05-18,2026-06-16,,P26011,,,"全体予算2,400,000万円程度",https://www.nedo.go.jp/koubo/CD2_100434.html,AI,"第4世代移動通信システム（4G）と比べてより高度な第5世代移動通信システム（5G）は、現在各国で商用サービスが始まっていますが、さらに超低遅延や多数同時接続といった機能が強化された5G（以下、「ポスト5G」）は、今後、工場や自動車といった多様な産業用途への活用が見込まれており、我が国の競争力の核となり得る技術と期待されています。

NEDOは、本事業を通じて、ポスト5Gに対応した情報通信システム（以下、「ポスト5G情報通信システム」）の中核となる技術を開発し、我が国のポスト5G情報通信システムの開発・製造基盤強化を目指します。

なお、今回の公募は、研究開発計画における以下の開発テーマを対象とします。研究開発計画の要件を満たすよう応募をしてください。

委託事業・補助・助成事業の契約手続きに関する情報を掲載しています。","[{""label"": ""説明会の申込期限"", ""date"": ""2026-05-22"", ""raw"": ""2026年5月22日（金）17時""}, {""label"": ""説明会"", ""date"": ""2026-05-25"", ""raw"": ""2026年5月25日（月）15時00分""}, {""label"": ""応募締切"", ""date"": ""2026-06-16"", ""raw"": ""2026年6月16日（火）正午""}]","AI・データ,ロボット・ドローン,研究開発,AI",NEDO,2026-06-26,2026-06-26
29,【P16007】 高効率・高速処理を可能とするAIチップ・次世代コンピューティングの技術開発,プロポーザル,NEDO（新エネルギー・産業技術総合開発機構）,国,2026-04-07,2026-05-07,,P16007,,,,https://www.nedo.go.jp/koubo/CD2_100433.html,AI,"近年、IoT社会の拡大やAI技術の普及に伴い、それを支える情報インフラにおける通信回線、データセンタも日々強化され、多くの情報が飛び交う状況が拡大しつつあります。一方、増え続ける情報を処理するために必要な電力も大幅に増加しており、次世代の情報インフラにおいては高効率かつ高速に情報を処理するための技術の実現が課題となっています。

NEDOではこうした社会課題に対して、次世代コンピューティング技術の実現を目指し「高効率・高速処理を可能とするAIチップ・次世代コンピューティングの技術開発」を実施し、量子コンピューティング、分散コンピューティング、脳型コンピューティング等様々な基盤技術の開発を推進してきました。

本調査では、次世代の情報インフラにおいて重要な技術の一つとして評価されつつある低遅延分散処理技術の最新動向の情報収集に加え、当該技術を活用することが従来の通信技術と比較して有効であると考えられる事例を示し、実地検証も含め有効性を調査することを目的とします。

委託事業・補助・助成事業の契約手続きに関する情報を掲載しています。","[{""label"": ""説明会の申込期限"", ""date"": ""2026-04-09"", ""raw"": ""2026年4月9日（木）正午""}, {""label"": ""説明会"", ""date"": ""2026-04-13"", ""raw"": ""2026年4月13日（月）11時00分""}, {""label"": ""応募締切"", ""date"": ""2026-05-07"", ""raw"": ""2026年5月7日（木）正午""}]","AI・データ,研究開発,AI",NEDO,2026-06-26,2026-06-26
30,【P26015】 ポスト5G情報通信システム基盤強化研究開発事業,プロポーザル,NEDO（新エネルギー・産業技術総合開発機構）,国,2026-03-25,2026-04-23,,P26015,,,"全体予算1,400,000万円程度",https://www.nedo.go.jp/koubo/CD2_100430.html,AI,"本公募では、経済産業省が公開するポスト5G情報通信システム基盤強化研究開発事業の研究開発計画に記載されております「（g11）データエコシステムの構築等に関する研究開発（GENIAC）」に関する募集を行います。詳細は、研究開発計画および公募要領を参照してください。

経済・産業活動のデジタル化が進展する中、データは生産性向上やイノベーション創出の基盤となる重要な資源となっている。一方、これまでAIの性能向上を支えてきたウェブ上の公開データは学習が進みつつあり、今後は企業や組織が保有する実データの活用が一層重要となっています。

特に製造分野は、製造業に強みを有する我が国にとって、AIの学習・開発に資するデータ活用のポテンシャルが極めて高い分野であり、これらのデータを活用したフィジカルAIの実現により、製造業等の生産性向上やエネルギー消費の効率化が期待されています。

しかし、企業や組織が保有する実データは、各企業等の内部で個別に管理・活用されるにとどまる場合が多く、生成AIの学習や高度化に資する形で、複数の企業等にまたがって十分に集約・活用されているとは言えない状況にあります。この結果、生成AIの性能や利活用の高度化に必要となる、量及び品質を兼ね備えた学習用データが十分に確保されていないという課題が生じています。","[{""label"": ""説明会の申込期限"", ""date"": ""2026-04-01"", ""raw"": ""2026年4月1日（水）10時00分""}, {""label"": ""説明会"", ""date"": ""2026-04-02"", ""raw"": ""2026年4月2日（木）10時00分""}, {""label"": ""応募締切"", ""date"": ""2026-04-23"", ""raw"": ""2026年4月23日（木）正午""}]","AI・データ,研究開発,AI",NEDO,2026-06-26,2026-06-26
31,【P26013】 AIロボット・フィジカルAIを見据えたマルチモーダル基盤モデル開発事業,プロポーザル,NEDO（新エネルギー・産業技術総合開発機構）,国,2026-03-24,2026-04-22,,P26013,,,,https://www.nedo.go.jp/koubo/CD2_100431.html,AI,"生成AIは、インターネットに匹敵する技術革新とも言われ、労働力不足などの社会課題の解決にも貢献すると期待されています。生成AIの利活用があらゆる分野で検討され開発競争が国際的に激化している中、日本として生成AIの開発力を確保・強化していくことが重要であると考えられます。こうした背景から、NEDOでは可及的速やかに生成AIに関する開発力を国内に醸成するため、「ポスト5G情報通信システム基盤強化研究開発事業」において、2024年2月から「GENIAC（Generative AI Accelerator Challenge）プロジェクト」として基盤モデルの開発に必要な計算資源の提供支援やコミュニティの運営などを行い、AIの研究開発を推進してきたところです。

今後、フィジカルAIの実現によって製造業等の生産性向上やエネルギー消費の効率化が期待され、現場データを守りながら将来も安心して活用できる国産の基盤モデルの必要性が高まることを踏まえ、本事業ではAIロボット・フィジカルAIの開発基盤となるマルチモーダルな国産AI基盤モデルを開発し、日本が強みを持つ製造業等の産業競争力強化やGXの実現を目指します。

本事業は特別約款の策定を予定しております。特別約款については公開準備が整い次第、本公募ページに公開いたしますので、応募を想定されている方はご参照ください。

委託事業・補助・助成事業の契約手続きに関する情報を掲載しています。","[{""label"": ""説明会の申込期限"", ""date"": ""2026-03-30"", ""raw"": ""2026年3月30日（月）17時""}, {""label"": ""説明会"", ""date"": ""2026-03-31"", ""raw"": ""2026年3月31日（火）15時00分""}, {""label"": ""応募締切"", ""date"": ""2026-04-22"", ""raw"": ""2026年4月22日（水）正午""}]","AI・データ,ロボット・ドローン,AI",NEDO,2026-06-26,2026-06-26
32,【P26007】 ポスト5G情報通信システム基盤強化研究開発事業／ポスト5G情報通信システムの開発,プロポーザル,NEDO（新エネルギー・産業技術総合開発機構）,国,2026-03-11,2026-04-27,,P26007,,,,https://www.nedo.go.jp/koubo/CD2_100414.html,AI,"第4世代移動通信システム（4G）と比べてより高度な第5世代移動通信システム（5G）は、現在各国で商用サービスが始まっていますが、さらに超低遅延や多数同時接続といった機能が強化された5G（以下、「ポスト5G」）は、今後、工場や自動車といった多様な産業用途への活用が見込まれており、我が国の競争力の核となり得る技術と期待されています。

NEDOは、本事業を通じて、ポスト5Gに対応した情報通信システム（以下、「ポスト5G情報通信システム」）の中核となる技術を開発し、我が国のポスト5G情報通信システムの開発・製造基盤強化を目指します。

なお、今回の公募においては、以下の研究開発内容に関する募集を行う予定です。

委託事業・補助・助成事業の契約手続きに関する情報を掲載しています。","[{""label"": ""説明会"", ""date"": ""2026-03-24"", ""raw"": ""2026年3月24日（火）14時00分""}, {""label"": ""応募締切"", ""date"": ""2026-04-27"", ""raw"": ""2026年4月27日（月）正午""}]","AI・データ,研究開発,AI",NEDO,2026-06-26,2026-06-26
33,【P26011】 ポスト5G情報通信システム基盤強化研究開発事業／ロボット基盤モデルの研究開発（GENIAC）,プロポーザル,NEDO（新エネルギー・産業技術総合開発機構）,国,2026-02-20,2026-03-23,2026-05-14,P26011,,1,"全体予算2,000,000万円程度",https://www.nedo.go.jp/koubo/CD2_100427.html,AI,"第4世代移動通信システム（4G）と比べてより高度な第5世代移動通信システム（5G）は、現在各国で商用サービスが始まっていますが、さらに超低遅延や多数同時接続といった機能が強化された5G（以下、「ポスト5G」）は、今後、工場や自動車といった多様な産業用途への活用が見込まれており、我が国の競争力の核となり得る技術と期待されています。

NEDOは、本事業を通じて、ポスト5Gに対応した情報通信システム（以下、「ポスト5G情報通信システム」）の中核となる技術を開発し、我が国のポスト5G情報通信システムの開発・製造基盤強化を目指します。

なお、今回の公募においては、以下の研究開発内容に関する募集を行う予定です。

ロボット基盤モデルとは、AIによる知能の高度化を通じて自律制御を実現する機械システム（注1）に搭載され、当該ハードウェアを直接制御するロボット基盤モデル（注2）を指します。","[{""label"": ""説明会"", ""date"": ""2026-02-26"", ""raw"": ""2026年2月26日（木）13時30分""}, {""label"": ""応募締切"", ""date"": ""2026-03-23"", ""raw"": ""2026年3月23日（月）正午""}]","AI・データ,ロボット・ドローン,研究開発,AI",NEDO,2026-06-26,2026-06-26
34,【P20017】 ポスト5G情報通信システム基盤強化研究開発事業／競争力ある生成AI基盤モデルの開発（GENIAC）,プロポーザル,NEDO（新エネルギー・産業技術総合開発機構）,国,2026-01-27,2026-03-19,2026-06-04,P20017,,1,"全体予算1,000,000万円程度",https://www.nedo.go.jp/koubo/CD2_100421.html,AI,"第4世代移動通信システム（4G）と比べてより高度な第5世代移動通信システム（5G）は、現在各国で商用サービスが始まっていますが、さらに超低遅延や多数同時接続といった機能が強化された5G（以下、「ポスト5G」）は、今後、工場や自動車といった多様な産業用途への活用が見込まれており、我が国の競争力の核となり得る技術と期待されています。

NEDOは、本事業を通じて、ポスト5Gに対応した情報通信システム（以下、「ポスト5G情報通信システム」）の中核となる技術を開発し、我が国のポスト5G情報通信システムの開発・製造基盤強化を目指します。

なお、今回の公募においては、以下の研究開発内容に関する募集を行う予定です。

本公募については、経済産業省のWebサイトにも記載されておりますので、併せてご確認ください。","[{""label"": ""説明会"", ""date"": ""2026-02-10"", ""raw"": ""2026年2月10日（火）10時00分""}, {""label"": ""応募締切"", ""date"": ""2026-03-19"", ""raw"": ""2026年3月19日（木）正午""}]","AI・データ,研究開発,AI",NEDO,2026-06-26,2026-06-26
35,【P26010】 ポスト5G情報通信システム基盤強化研究開発事業,プロポーザル,NEDO（新エネルギー・産業技術総合開発機構）,国,2026-01-27,2026-02-26,2026-05-13,P26010,,1,"1件あたり50,000万円以内",https://www.nedo.go.jp/koubo/CD2_100422.html,AI,"経済・産業活動のデジタル化が進展する中、データは生産性向上やイノベーション創出の基盤となる重要な資源となっている。一方、これまでAIの性能向上を支えてきたウェブ上の公開データは学習が進みつつあり、今後は企業や組織が保有する実データの活用が一層重要となっている。

しかし、企業内に蓄積されたデータの多くは、部門や用途ごとに分断されて管理されており、データの意味や相互の関係性が十分に整理されていない場合が多い。このため、AIによる探索・分析・利活用が困難となり、データの潜在的な価値が十分に引き出されていないという課題がある。また、機密性やノウハウ性の高いデータを多く含むことから、データ整備や管理の方法について、実践的な手法や設計指針が必ずしも確立されていない。

このため、本テーマでは、対象とする手法をあらかじめ限定することなく、製造業データ等を対象として、AIが利活用可能な状態（AI-Ready化）とするための課題およびその解決に資する手法を広く募集した上で、支援対象を絞り込む形で研究開発に取り組むものとする。

また、研究開発の有用性を実証するため、企業や組織が実際の業務・現場で保有・利用している製造業データ等を用いた実証・評価を行うとともに、AI-Ready化されたデータの有用性について、共通的な知見として整理し、広く公表することとする。","[{""label"": ""説明会"", ""date"": ""2026-02-03"", ""raw"": ""2026年2月3日（火）10時30分""}, {""label"": ""応募締切"", ""date"": ""2026-02-26"", ""raw"": ""2026年2月26日（木）正午""}]","AI・データ,研究開発,AI",NEDO,2026-06-26,2026-06-26
36,【P20017】 ポスト5G情報通信システム基盤強化研究開発事業,プロポーザル,NEDO（新エネルギー・産業技術総合開発機構）,国,2025-12-26,2026-01-26,2026-03-25,P20017,,1,,https://www.nedo.go.jp/koubo/CD2_100415.html,AI,"第4世代移動通信システム（4G）と比べてより高度な第5世代移動通信システム（5G）は、現在各国で高速大容量通信を主にした商用サービスが開始されていますが、更に超低遅延や多数同時接続といった機能が強化された5G（以下「ポスト5G」という。）は、今後、工場や自動車といった多様な産業用途への活用が見込まれており、我が国の競争力の核となり得る技術と期待されています。

経済産業省及びNEDOにて取り組む「ポスト5G情報通信システム基盤強化研究開発事業」では、経済産業省が定める研究開発計画に基づき、ポスト5Gに対応した情報通信システムの中核となる技術の開発テーマとして、「（g3）競争力ある生成AI基盤モデルの開発（助成）」等により、生成AIの高度化、競争力の強化にかかる研究開発等を実施しています。

本事業では、当該領域の事業推進にあたり、生成AI開発者にとって有用な基盤モデル開発やデータセット構築のあり方をはじめ、生成AI全般にかかる市場動向調査、技術動向調査を実施するとともに、本事業の効率的かつ効果的な推進に関する提言、成果最大化にかかる取り組みを実施することを目的とします。

また、本事業の成果最大化を図る観点から、2026年度に実施予定のNEDO懸賞金活用型プログラム／GENIAC-PRIZE 2026（以下「本プログラム」という。）を活用し技術課題や社会課題の解決に資する多様なシーズ・解決策をコンテスト形式による懸賞金型の研究開発方式を通じて募ります。コンテストの企画立案・運営、広報や周知活動等の企画運営業務や、応募者の将来の共同研究等の実現に向けた支援、本プログラムの制度改善に資する調査・示唆等を行います。","[{""label"": ""説明会"", ""date"": ""2026-01-14"", ""raw"": ""2026年1月14日（水）15時00分""}, {""label"": ""説明会の申込期限"", ""date"": ""2026-01-16"", ""raw"": ""2026年1月16日（金）正午""}, {""label"": ""応募締切"", ""date"": ""2026-01-26"", ""raw"": ""2026年1月26日（月）正午""}]","AI・データ,研究開発,AI",NEDO,2026-06-26,2026-06-26
37,【P23026】 「NEDO懸賞金活用型プログラム／緊急対応ロボット技術展開チャレンジ」の企画運営に関する調査,プロポーザル,NEDO（新エネルギー・産業技術総合開発機構）,国,2026-03-31,2026-05-07,,P23026,,,,https://www.nedo.go.jp/koubo/CD2_100426.html,ロボット,"「NEDO懸賞金活用型プログラム」は、技術課題や社会課題の解決に資する多様なシーズ・解決策をコンテスト形式による懸賞金型の研究開発方式を通じて募り、将来の社会課題解決や新産業創出につながるシーズをいち早く発掘することで、共同研究等の機会創出、シーズの実用化、事業化の促進をねらって実施するものです。

本プログラムで設定する懸賞金課題「緊急対応ロボット技術展開チャレンジ※」において、地震や火災などの災害現場における、救助・救援関係者の安全向上と要救助者の救出の効率化を両立させる、災害現場において活用可能なロボットの設計、開発、実装の促進を目指し、ロボット技術を活用した懸賞金型のコンテストを実施します。

本調査では、当該テーマのコンテストの企画立案・運営、広報や周知活動等の企画運営業務や、応募者の将来の共同研究・社会実装等の実現に向けた支援、本プログラムの制度改善に資する調査・示唆等を行います。

委託事業・補助・助成事業の契約手続きに関する情報を掲載しています。","[{""label"": ""応募締切"", ""date"": ""2026-05-07"", ""raw"": ""2026年5月7日（木）正午""}]","ロボット・ドローン,調査,補助金・助成,ロボット",NEDO,2026-06-26,2026-06-26
38,【P26008】 ポスト5G情報通信システム基盤強化研究開発事業（社会課題解決に向けた量子コンピュータ次世代機開発・実証の加速）,プロポーザル,NEDO（新エネルギー・産業技術総合開発機構）,国,2026-03-25,2026-05-07,,P26008,,,"全体予算4,740,000万円",https://www.nedo.go.jp/koubo/CD2_100424.html,量子,"第4世代移動通信システム（4G）と比べてより高度な第5世代移動通信システム（5G）は、現在各国で商用サービスが始まっていますが、さらに超低遅延や多数同時接続といった機能が強化された5G（以下、「ポスト5G」）は、今後、スマート工場や自動運転といった多様な産業用途への活用が見込まれており、我が国の競争力の核となり得る技術と期待されています。

NEDOは、本事業を通じて、ポスト5Gに対応した情報通信システム（以下、「ポスト5G情報通信システム」）の中核となる技術を開発し、我が国のポスト5G情報通信システムの開発・製造基盤強化を目指します。

なお、今回の公募においては、量子コンピュータの産業化に向けた以下の研究開発内容に関する募集を行う予定です。

当該公募の内容、契約に係る手続き、提出する書類等についての説明会をオンライン開催いたします。説明は日本語で行います。","[{""label"": ""説明会"", ""date"": ""2026-04-03"", ""raw"": ""2026年4月3日（金）15時30分""}, {""label"": ""応募締切"", ""date"": ""2026-05-07"", ""raw"": ""2026年5月7日（木）正午""}]","量子,実証,研究開発",NEDO,2026-06-26,2026-06-26
39,【P25014】 ポスト5G情報通信システム基盤強化研究開発事業,プロポーザル,NEDO（新エネルギー・産業技術総合開発機構）,国,2026-03-19,2026-05-01,2026-05-25,P25014,,1,"全体予算30,000万円以内",https://www.nedo.go.jp/koubo/CD2_100425.html,量子,"なお本事業は、政府予算に基づき実施するため、予算案等の審議状況や政府方針の変更等により、事業や公募の内容等が変更されることがあります。

第4世代移動通信システム（4G）と比べてより高度な第5世代移動通信システム（5G）は、現在各国で商用サービスが始まっていますが、さらに超低遅延や多数同時接続といった機能が強化された5G（以下、「ポスト5G」）は、今後、スマート工場や自動運転といった多様な産業用途への活用が見込まれており、我が国の競争力の核となり得る技術と期待されています。

NEDOは、本事業を通じて、ポスト5Gに対応した情報通信システム（以下、「ポスト5G情報通信システム」）の中核となる技術を開発し、我が国のポスト5G情報通信システムの開発・製造基盤強化を目指します。

本調査では、量子技術の社会実装と産業化を促進するために、また、量子コンピュータの持つ潜在的計算能力を真の社会課題解決に結びつけるために、研究開発の上流における支援を目的とした調査を実施します。量子コンピュータで解決することが期待できる社会課題であるにも関わらず実装に至っていない数多くの案件について、実際に量子コンピュータ環境の利用を通じてボトルネックを把握し、その解消を目指します。","[{""label"": ""応募締切"", ""date"": ""2026-05-01"", ""raw"": ""2026年5月1日（金）正午""}]","量子,研究開発",NEDO,2026-06-26,2026-06-26
40,【P22021】 バイオものづくり分野のLCAガイドラインの改善及び普及に向けた調査,プロポーザル,NEDO（新エネルギー・産業技術総合開発機構）,国,2026-06-19,2026-07-13,,P22021,,,,https://www.nedo.go.jp/koubo/EF2_100244.html,バイオものづくり,"国立研究開発法人新エネルギー・産業技術総合開発機構（以下「NEDO」という。）は、下記事業の実施者を広く一般に公募いたしますので、本件について受託を希望する方は、下記に基づきご応募ください。

バイオものづくりは、遺伝子改変技術等により、微生物等が従来保有する物質生産能の増強や新しい目的物質の生産能の獲得、あるいは原料の酵素分解等による目的物質の取得を可能にするテクノロジーです。先行して取り組まれている医薬品や食品にとどまらず、化学品・素材・繊維・燃料など多様な産業領域での活用が見込まれており、従来の化石資源を原料とした様々な製造プロセスを置き換える「持続可能なものづくり」として、バイオものづくりは次世代の産業基盤となり、我が国の競争力の核となることが期待されています。

Life Cycle Assessment（LCA）は環境負荷を定量的に評価し、環境価値を定量的に示すことが可能であることから、バイオものづくりにおける有力な評価手法として注目されています。バイオものづくり製品の社会実装にむけてLCAの重要性が高まっている背景を受け、2025年度のNEDO委託調査において「バイオものづくり分野のLCAガイドライン」を公表しました。本調査事業では当該ガイドラインおよびBio-LRL（Biomanufacturing LCA Readiness Level）の普及活動、ならびに使いやすさ・見やすさ向上を含めた課題抽出と改善検討を行います。

NEDOが指定する日から2027年5月31日まで。","[{""label"": ""応募締切"", ""date"": ""2026-07-13"", ""raw"": ""2026年7月13日（月）正午""}]","バイオ・医療,調査,バイオものづくり",NEDO,2026-06-26,2026-06-26
41,【P22021】 木質バイオマスを原料とするバイオエタノールに関する市場調査（バイオものづくり革命推進事業 伴走調査）,プロポーザル,NEDO（新エネルギー・産業技術総合開発機構）,国,2026-02-27,2026-03-30,2026-05-12,P22021,株式会社三菱総合研究所,1,,https://www.nedo.go.jp/koubo/EF2_100242.html,バイオものづくり,"国立研究開発法人新エネルギー・産業技術総合開発機構（以下「NEDO」という。）は、下記事業の実施者を広く一般に公募いたしますので、本件について受託を希望する方は、下記に基づきご応募ください。

バイオものづくり革命推進事業では、多様な原料と多様な製品を出口としたバイオものづくりのバリューチェーンの構築に必要な技術開発や社会システム実証を行い、製造プロセスのバイオものづくりへの転換とバイオものづくり製品の社会実装を推進し、ひいては我が国の産業競争力の強化と社会課題の解決を目標として事業を推進しています。バイオものづくりは、遺伝子改変技術等により、微生物等が従来保有する物質生産能の増強や新しい目的物質の生産能の獲得、あるいは原料の酵素分解等による目的物質の取得を可能にするテクノロジーです。先行して取り組まれている医薬品や食品に留まらず、化学品・素材・繊維・燃料など多様な産業領域での活用が見込まれており、従来の化石資源を原料とした様々な製造プロセスを置き換える「持続可能なものづくり」として、バイオものづくりは次世代の産業基盤となり、我が国の競争力の核となることが期待されています。

木質バイオマスは、バイオものづくりにおける原料として、賦存量や炭素排出量、サーキュラーエコノミーの実現などの観点からその活用が期待されており、中でも、木質バイオマスを原料とするバイオエタノールや持続可能な航空燃料（SAF）は脱炭素社会の実現に資する燃料の1つとして普及が大きく期待されています。その一方で、木質バイオマスを原料とするバイオエタノールや持続可能な航空燃料（SAF）は、既存燃料と比較して一般的にコストが高いという課題やCORSIA認証適合に向けた課題など、社会実装に向けて乗り越えるべき課題が多くあります。そこで本調査では、木質バイオマスを原料とするバイオエタノール／持続可能な航空燃料（SAF）の社会実装に向けて、多角的な視点での価値訴求を行うとともに、CORSIA認証適合に向けて必要な調査・検討を実施します。

NEDOが指定する日から2027年3月31日まで。","[{""label"": ""応募締切"", ""date"": ""2026-03-30"", ""raw"": ""2026年3月30日（月）正午""}]","バイオ・医療,調査,バイオものづくり",NEDO,2026-06-26,2026-06-26
42,【P22021】 バイオものづくり革命推進事業,プロポーザル,NEDO（新エネルギー・産業技術総合開発機構）,国,2026-02-16,2026-03-19,,P22021,,,,https://www.nedo.go.jp/koubo/EF2_100241.html,バイオものづくり,"バイオものづくりは、遺伝子改変技術等により微生物等の性能を高めて様々な物質を生産する技術であり、既存の化石資源を原料とした製造プロセスを置き換える「持続可能なものづくり」として、化学品・繊維・食品・燃料など多様な産業領域での活用が期待されています。

本事業では、脱化石資源社会・カーボンニュートラル社会の実現といった「地球規模の社会課題解決」と「新たな価値創造による経済成長」の両立を可能とするバイオものづくりを推進するために、未利用資源の収集・資源化、効率的な微生物等の開発・育種、微生物等改変プラットフォーマー育成、及びバイオものづくりによる生産の量産化に向けた製造技術の開発・実証などバイオものづくりのバリューチェーン構築に係る技術開発を支援します。

委託事業・補助・助成事業の契約手続きに関する情報を掲載しています。

© New Energy and Industrial Technology Development Organization. All rights reserved.","[{""label"": ""説明会の申込期限"", ""date"": ""2026-02-19"", ""raw"": ""2026年2月19日（木）18時""}, {""label"": ""説明会"", ""date"": ""2026-02-24"", ""raw"": ""2026年2月24日（火）13時30分""}, {""label"": ""応募締切"", ""date"": ""2026-03-19"", ""raw"": ""2026年3月19日（木）正午""}]","バイオ・医療,バイオものづくり",NEDO,2026-06-26,2026-06-26
43,【P23005】 蓄電池開発ビジョン策定にかかる調査,プロポーザル,NEDO（新エネルギー・産業技術総合開発機構）,国,2026-06-22,2026-07-06,,P23005,,,,https://www.nedo.go.jp/koubo/DA2_100355.html,自動車・蓄電池,"地球温暖化問題の深刻化を背景に、世界的に自動車を中心とした電動化の取組が加速されています。蓄電池はこれらの取組において核となるキーテクノロジーであると同時に、今後、大きな市場拡大が想定される成長産業分野です。

本調査では、2040年～2050年及び2050年以降の長期にわたる未来社会の検討を基に蓄電池に要求される性能について整理することを目的として調査を行います。

本公募における公募説明会の実施予定はございません。

応募期間：2026年6月22日（月）～2026年7月6日（月）正午",,"蓄電池,モビリティ,調査,自動車・蓄電池",NEDO,2026-06-26,2026-06-26
44,【P*****】 自動車技術に関する俯瞰的調査,プロポーザル,NEDO（新エネルギー・産業技術総合開発機構）,国,2026-05-25,2026-06-08,2026-06-25,P*****,合同会社デロイトトーマツ,1,,https://www.nedo.go.jp/koubo/DA2_100354.html,自動車・蓄電池,"本調査では、GX・DXの進展等により大きな転換期を迎えている自動車技術を対象に、国内外における各国の技術力および公的支援の状況等について、俯瞰的な整理・分析を行います。

これにより、自動車技術の全体像を把握するとともに、将来に向けた競争環境や技術動向を踏まえ、今後NEDOが重点的に支援すべき技術開発領域について複数の可能性を検討・抽出し、具体的な技術開発プロジェクトの組成の検討に資する情報の整理を行うことを目的としています。

委託事業・補助・助成事業の契約手続きに関する情報を掲載しています。

© New Energy and Industrial Technology Development Organization. All rights reserved.","[{""label"": ""応募締切"", ""date"": ""2026-06-08"", ""raw"": ""2026年6月8日（月）正午""}]","蓄電池,モビリティ,調査,自動車・蓄電池",NEDO,2026-06-26,2026-06-26
45,【P*****】 次世代蓄電池分野に係る政策・技術開発動向調査,プロポーザル,NEDO（新エネルギー・産業技術総合開発機構）,国,2026-05-25,2026-06-08,,P*****,,,,https://www.nedo.go.jp/koubo/DA2_100353.html,自動車・蓄電池,"地球温暖化問題の深刻化を背景に、世界的に自動車を中心とした電動化の取組が加速されています。蓄電池はこれらの取組において核となるキーテクノロジーであると同時に、今後、大きな市場拡大が想定される成長産業分野です。

本調査では、次世代蓄電池の早期実用化を目指した研究開発プロジェクトマネジメントの基礎資料として活用するため、日本国内、および中国・韓国・米国等をはじめとした諸外国における蓄電池分野の政策や技術動向について定点的な情報収集・文献調査等を行います。

本公募における公募説明会の実施予定はございません。

応募状況等により、公募期間を延長する場合があります。公募期間を延長する場合は、NEDO Webサイトの公募ページ上でお知らせいたします。","[{""label"": ""応募締切"", ""date"": ""2026-06-08"", ""raw"": ""2026年6月8日（月）正午""}]","蓄電池,モビリティ,調査,研究開発,自動車・蓄電池",NEDO,2026-06-26,2026-06-26
46,【P26002】 革新型蓄電池技術開発・高度解析,プロポーザル,NEDO（新エネルギー・産業技術総合開発機構）,国,2026-01-23,2026-02-24,,P26002,,,,https://www.nedo.go.jp/koubo/DA2_100351.html,自動車・蓄電池,"なお本事業は、政府予算に基づき実施するため、予算案等の審議状況や政府方針の変更等により、事業や公募の内容等が変更されることがあります。

本件について受託を希望する方は、以下に従ってご応募ください。

カーボンニュートラルの実現に向けて電動車の普及と定置用蓄電池の市場拡大による蓄電池需要の増大が見込まれています。

現在、車載用蓄電池および定置用蓄電池にはリチウムイオン電池（LIB）が広く用いられていますが、LIB構成材料・資源の供給リスクが懸念されています。拡大する蓄電池需要に応えつつ、電池材料の資源リスク・調達リスクを低減するために非Li系の革新型蓄電池が必要と考えられるため、本事業では高度解析を活用しエネルギー密度、安全性、コストのいずれかの観点でLIBと差別化できる革新型蓄電池と実用化に資する関連技術の開発を実施します。","[{""label"": ""説明会"", ""date"": ""2026-02-02"", ""raw"": ""2026年2月2日（月）11時00分""}, {""label"": ""応募締切"", ""date"": ""2026-02-24"", ""raw"": ""2026年2月24日（火）正午""}]","蓄電池,モビリティ,研究開発,自動車・蓄電池",NEDO,2026-06-26,2026-06-26
47,【P23022】 戦略的イノベーション創造プログラム（SIP）第3期,プロポーザル,NEDO（新エネルギー・産業技術総合開発機構）,国,2026-01-09,2026-02-09,2026-03-16,P23022,合同会社デロイトトーマツ,1,,https://www.nedo.go.jp/koubo/DA2_100350.html,自動車・蓄電池,"戦略的イノベーション創造プログラム（SIP）第3期の「社会実装に向けた戦略及び研究開発計画」に基づき、NEDOは研究推進法人として研究開発の推進のためのマネジメント業務を行う必要があります。

本調査では、下記の2課題について2026年度以降の2年間の円滑な研究開発の推進にあたり、必要となる調査分析及び業務支援を行います。

委託事業・補助・助成事業の契約手続きに関する情報を掲載しています。

© New Energy and Industrial Technology Development Organization. All rights reserved.","[{""label"": ""説明会"", ""date"": ""2026-01-16"", ""raw"": ""2026年1月16日（金）13時30分""}, {""label"": ""応募締切"", ""date"": ""2026-02-09"", ""raw"": ""2026年2月9日（月）正午""}]","蓄電池,モビリティ,自動車・蓄電池",NEDO,2026-06-26,2026-06-26
48,【P26001】 次世代航空機向け静脈産業構築事業,プロポーザル,NEDO（新エネルギー・産業技術総合開発機構）,国,2026-01-16,2026-02-16,2026-05-20,P26001,国立大学法人東海国立大学機構一般財団法人ファインセラミックスセンター株式会社SUBARU株式会社ジャムコ国立研究開発法人宇宙航空研究開発機構,1,"全体予算54,000万円",https://www.nedo.go.jp/koubo/SR2_100020.html,航空・宇宙,"航空業界では、2050年カーボンニュートラル達成に向けた各種取組が加速しています。炭素繊維強化プラスチック（CFRP：Carbon Fiber Reinforced Plastics）は、航空機の構造部材や内装部材等に広く使用されており、軽量化による燃費改善とCO2排出量の削減に寄与することから、環境適応型の次世代航空機の実現に不可欠な材料です。また近年では、リサイクル炭素繊維（CF）はバージンCFと比較すると基材製造段階のCO2排出量を大幅に低減し得ることが示され、CFのリサイクル技術開発が国内外で進展しています。本事業では、下記4項目の実施により、次世代航空機における脱炭素化と資源循環型経済の拡充の両立を目指します。

委託事業・補助・助成事業の契約手続きに関する情報を掲載しています。

© New Energy and Industrial Technology Development Organization. All rights reserved.","[{""label"": ""説明会の申込期限"", ""date"": ""2026-01-23"", ""raw"": ""2026年1月23日（金）正午""}, {""label"": ""説明会"", ""date"": ""2026-01-26"", ""raw"": ""2026年1月26日（月）10時00分""}]","モビリティ,宇宙,航空・宇宙",NEDO,2026-06-26,2026-06-26
49,【P23020】 ディープテック・スタートアップ支援基金／SBIR推進プログラム,プロポーザル,NEDO（新エネルギー・産業技術総合開発機構）,国,2026-05-13,2026-06-12,,P23020,,,,https://www.nedo.go.jp/koubo/CA2_100526.html,スタートアップ支援,"国立研究開発法人新エネルギー・産業技術総合開発機構（以下「NEDO」という。）は、下記事業の実施者を広く一般に公募いたしますので、本件について補助を希望する方は、下記に基づきご応募ください。

募集事業等については以下のWebサイトをご参照ください。

委託事業・補助・助成事業の契約手続きに関する情報を掲載しています。

© New Energy and Industrial Technology Development Organization. All rights reserved.","[{""label"": ""応募締切"", ""date"": ""2026-06-12"", ""raw"": ""2026年6月12日（金）正午""}]",スタートアップ支援,NEDO,2026-06-26,2026-06-26
50,【P*****】 政府及び政府系機関のスタートアップ支援施策に係る実態分析及び支援ニーズ調査,プロポーザル,NEDO（新エネルギー・産業技術総合開発機構）,国,2026-04-24,2026-06-08,,P*****,,,,https://www.nedo.go.jp/koubo/CA2_100525.html,スタートアップ支援,"日本政府は、2022年に「スタートアップ育成5か年計画」を策定し、2027年にスタートアップ投資額を2022年比10倍超とすることや、ユニコーン企業を100社創出することを目標として掲げました。この目標に沿って、経済産業省を始めとした各省庁や、NEDOを含む政府系機関が、多様な角度からスタートアップ支援を展開しています。

これに先んじて、2020年にNEDOを含む政府系9機関は、「スタートアップ・エコシステムの形成に向けた支援に関する協定書」を締結し、スタートアップ支援に関するプラットフォーム「Plus」を創設しました。2026年4月1日現在、Plusには22機関が加入しております。

このため、政府及び政府系機関の支援状況やニーズを把握し、連携強化や新規施策検討に資する基礎データを整備することを目的として調査を実施します。

委託事業・補助・助成事業の契約手続きに関する情報を掲載しています。","[{""label"": ""説明会"", ""date"": ""2026-04-30"", ""raw"": ""2026年4月30日（木）16時00分""}, {""label"": ""説明会の申込期限"", ""date"": ""2026-04-30"", ""raw"": ""2026年4月30日（木）正午""}, {""label"": ""応募締切"", ""date"": ""2026-06-08"", ""raw"": ""2026年6月8日（月）正午""}]","調査,スタートアップ支援",NEDO,2026-06-26,2026-06-26
51,【P23007】 研究開発型スタートアップの起業・経営人材確保等支援事業,プロポーザル,NEDO（新エネルギー・産業技術総合開発機構）,国,2026-04-08,2026-05-11,2026-06-12,P23007,,1,,https://www.nedo.go.jp/koubo/CA2_100518.html,スタートアップ支援,"NEDOは、事業会社等に蓄積された有望な技術や事業会社で経験を重ねた人材を活用し、新事業や新産業の創造ひいては我が国経済の付加価値の増大を図る観点（いわゆる「カーブアウト」）を捉え直すとともに、事業会社におけるその戦略的な活用について検討し、事業創造の手法の一つとして普及・浸透を図ることを目指し事業会社等が保有する革新的な技術等を活用したカーブアウトによるディープテック・スタートアップの創出等を促進するため、下記を公募いたします。

カーブアウトによるスタートアップ創出について、これまでの国内外の先行事例等を調査するとともに、その促進に向けた普及・啓発に関する取組を調査する事業です。

カーブアウトによるディープテック・スタートアップの創出等を、〔1〕事業会社内において実施するプログラムと、〔2〕事業会社外で起業家人材を募り実施するプログラムの2パターンを実証する事業です。

なお、本事業の応募対象者は、事業会社のカーブアウトの創出・成長に積極的に関わりたいベンチャーキャピタル、アクセラレーター等を想定しております（事業会社、スタートアップ等を直接支援する事業ではありません）。",,"研究開発,スタートアップ支援",NEDO,2026-06-26,2026-06-26
52,【P23007】 研究開発型スタートアップの起業・経営人材確保等支援事業,プロポーザル,NEDO（新エネルギー・産業技術総合開発機構）,国,2026-04-01,2026-04-30,2026-06-05,P23007,,1,,https://www.nedo.go.jp/koubo/CA2_100517.html,スタートアップ支援,"なお、本事業は政府予算に基づき実施するため、政府方針の変更等により公募の内容や採択後の実施計画、概算払の時期等が変更される場合があります。

NEDOは、自らが起業またはスタートアップの経営者として参画することを志向する人材（以下、「経営人材」とする。）を発掘し、大学等の技術シーズ・大学発スタートアップとのマッチング等を実施することで、大学発スタートアップの経営人材獲得ルートを多様化し、その創出・成長を目指す「大学発スタートアップにおける経営人材確保支援（Management Personnel Matching program；以下「MPM」という。）」を公募します。

本事業の応募対象者は、大学発スタートアップの創出・成長に積極的に関わりたいベンチャーキャピタル等です（大学等、大学発スタートアップ等を直接支援する事業ではありません）。

同じ所属機関からの参加においても参加者毎にご登録ください。なお、メールでの参加申し込みは受け付けておりません。","[{""label"": ""説明会"", ""date"": ""2026-04-07"", ""raw"": ""2026年4月7日（火）11時00分""}, {""label"": ""説明会の申込期限"", ""date"": ""2026-04-07"", ""raw"": ""2026年4月7日（火）10時""}]","研究開発,スタートアップ支援",NEDO,2026-06-26,2026-06-26
53,【P21008】 SBIR推進プログラム,プロポーザル,NEDO（新エネルギー・産業技術総合開発機構）,国,2026-03-16,2026-04-03,2026-06-15,P21008,,1,,https://www.nedo.go.jp/koubo/CA2_100516.html,スタートアップ支援,"国立研究開発法人新エネルギー・産業技術総合開発機構（以下「NEDO」という。）は、下記事業の実施者を広く一般に公募いたしますので、本件について補助を希望する方は、下記に基づき応募ください。

募集事業等については以下のWebサイトをご参照ください。

委託事業・補助・助成事業の契約手続きに関する情報を掲載しています。

© New Energy and Industrial Technology Development Organization. All rights reserved.","[{""label"": ""応募締切"", ""date"": ""2026-04-03"", ""raw"": ""2026年4月3日（金）正午""}]",スタートアップ支援,NEDO,2026-06-26,2026-06-26
54,【P23007】 研究開発型スタートアップの起業・経営人材確保等支援事業,プロポーザル,NEDO（新エネルギー・産業技術総合開発機構）,国,2026-03-09,2026-04-17,,P23007,,,,https://www.nedo.go.jp/koubo/CA2_100514.html,スタートアップ支援,"なお、本事業は、政府予算に基づき実施するため、政府方針の変更等により、公募の内容や採択後の実施計画、概算払いの時期等が変更される場合があります。

NEDOは、「ディープテック分野での人材発掘・起業家育成事業／ディープテック分野での人材発掘・起業家育成事業（NEDO Entrepreneurs Program：以下「NEP」という）／躍進コース」の公募を行います。本公募では、応募要件、支援内容に応じて「躍進500・3000」、「躍進カーブアウトA・カーブアウトB」および「躍進GX」の3タイプを設けております。

2026年3月9日（月）～2026年4月17日（金）正午までにアップロード完了。

参加ご希望の方は、以下の「申込ページはこちら」よりご登録ください。また、同じ所属機関からの参加においても参加者毎にご登録ください。なお、メールでの参加申し込みは受け付けておりません。",,"研究開発,スタートアップ支援",NEDO,2026-06-26,2026-06-26
55,【P21005】 脱炭素社会実現に向けた省エネルギー技術の研究開発・社会実装促進プログラム,プロポーザル,NEDO（新エネルギー・産業技術総合開発機構）,国,2026-02-09,2026-06-23,2026-06-12,P21005,,1,,https://www.nedo.go.jp/koubo/SM2_100001_00113.html,スタートアップ支援,"国立研究開発法人新エネルギー・産業技術総合開発機構（以下「NEDO」という。）は、「脱炭素社会実現に向けた省エネルギー技術の研究開発・社会実装促進プログラム」の2026年度公募を下記のとおり行います。

本プログラムは2026年度の政府予算に基づき実施するため、政府方針の変更等により、公募の内容や採択後の実施計画、概算払の時期などを変更する場合があります。

本プログラムは、我が国における脱炭素社会の実現に向けた省エネルギー型経済社会の構築および産業競争力の強化に寄与することを目的としています。省エネルギー・非化石エネルギー転換技術戦略に掲げる「重要技術」（下記参照）を中心に、高い省エネルギー効果が見込まれる技術開発を対象として補助します。本プログラムの詳細もご参照ください。

開発リスクや開発段階は開発技術ごとに異なるため、1つの調査フェーズ、3つの技術開発フェーズを設けています。また、各技術開発フェーズを組み合わせた提案も可能です。フェーズ移行時にはステージゲート審査を実施し、高い成果と十分な省エネルギー効果が見込まれる技術開発テーマに対しては、シームレスに支援を行います。なお、応募には、原則、先述の「重要技術」に該当する必要があります。「重要技術」に該当しない技術に関する提案を予定している場合には、公募要領（本ページ最下の資料欄）に定めた方法によりNEDOへの事前確認が必要です。",,"脱炭素・GX,研究開発,スタートアップ支援",NEDO,2026-06-26,2026-06-26
56,【P23007】 研究開発型スタートアップの起業・経営人材確保等支援事業,プロポーザル,NEDO（新エネルギー・産業技術総合開発機構）,国,2026-01-05,2026-02-24,2026-04-10,P23007,,1,,https://www.nedo.go.jp/koubo/CA2_100510.html,スタートアップ支援,"なお、本事業は、政府予算に基づき実施するため、政府方針の変更等により、公募の内容や採択後の実施計画、概算払いの時期等が変更される場合があります。

NEDOは、「ディープテック分野での人材発掘・起業家育成事業（NEDO Entrepreneurs Program：以下「NEP」という）／開拓コース」における「NEDO－Front-Runner（FR）」の公募を行います。

2026年1月5日（月）～2026年2月24日（火）正午まで

委託事業・補助・助成事業の契約手続きに関する情報を掲載しています。",,"研究開発,スタートアップ支援",NEDO,2026-06-26,2026-06-26
57,【P14004】 NEDO先導研究プログラム／フロンティア育成事業／脳・神経機能の回復・拡張や人機協働を実現するブレインテック・ニューロテック／ブレインテック・ニューロテック領域の動向および事業創出支援に関する調査,プロポーザル,NEDO（新エネルギー・産業技術総合開発機構）,国,2026-06-08,2026-07-08,,P14004,,,,https://www.nedo.go.jp/koubo/CD2_100443.html,技術シーズ発掘・育成,"NEDOは、ブレインテック・ニューロテック領域の社会実装に向け、脳・神経活動の非侵襲的な計測手法の開発を研究開発課題としたフロンティア育成事業を推進しています。本調査では、ブレインテック・ニューロテック領域における研究開発及び産業化の動向を俯瞰的かつ体系的に調査・分析します。得られた調査・分析結果をもとに、フロンティア育成事業における戦略策定及び出口戦略の高度化を支援することを目的とします。

委託事業・補助・助成事業の契約手続きに関する情報を掲載しています。

© New Energy and Industrial Technology Development Organization. All rights reserved.","[{""label"": ""説明会の申込期限"", ""date"": ""2026-06-15"", ""raw"": ""2026年6月15日（月）17時""}, {""label"": ""説明会"", ""date"": ""2026-06-18"", ""raw"": ""2026年6月18日（木）15時00分""}, {""label"": ""応募締切"", ""date"": ""2026-07-08"", ""raw"": ""2026年7月8日（水）正午""}]","バイオ・医療,調査,技術シーズ発掘・育成",NEDO,2026-06-26,2026-06-26
58,【P23026】 NEDO懸賞金活用型プログラム／GENIAC-PRIZE 2026,プロポーザル,NEDO（新エネルギー・産業技術総合開発機構）,国,2026-05-29,2026-09-30,,P23026,,,,https://www.nedo.go.jp/koubo/CD2_100446.html,技術シーズ発掘・育成,"「NEDO懸賞金活用型プログラム」は、技術課題や社会課題の解決に資する多様なシーズ・解決策をコンテスト形式による懸賞金型の研究開発方式を通じて募り、将来の社会課題解決や新産業創出につながるシーズをいち早く発掘することで、共同研究等の機会創出、シーズの実用化、事業化の促進をねらって実施するものです。

本プログラムにおいて設定する懸賞金課題の一つである「GENIAC-PRIZE 2026」では、以下の2テーマを設定し、これらを実現する生成AIに関する技術開発・社会実装の取り組みに対して懸賞金を供するコンテストを実施します。

詳細についてはGENIAC-PRIZE 2026 特設サイトに掲載します。

なお、テーマ毎に応募できる期間が異なりますのでご注意ください。",,"補助金・助成,技術シーズ発掘・育成",NEDO,2026-06-26,2026-06-26
59,【P23026】 NEDO懸賞金活用型プログラム／化粧品産業の持続可能性に係る問題解決に向けた研究開発,プロポーザル,NEDO（新エネルギー・産業技術総合開発機構）,国,2026-05-11,2027-01-15,,P23026,,,,https://www.nedo.go.jp/koubo/EF2_100243.html,技術シーズ発掘・育成,"国立研究開発法人新エネルギー・産業技術総合開発機構（以下「NEDO」という。）は、下記事業の応募者を広く一般に公募します。

「NEDO懸賞金活用型プログラム」は、技術課題や社会課題の解決に資する多様なシーズ・解決策をコンテスト形式による懸賞金型の研究開発方式を通じて募り、将来の社会課題解決や新産業創出につながるシーズをいち早く発掘することで、共同研究等の機会創出、シーズの実用化、事業化の促進をねらって実施するものです。

「NEDO Challenge, Beauty Visionary Awards, 化粧品業界の未来を切り拓く研究開発を表彰！」においては、以下の3テーマを設定し、分野や専門を問わず幅広くコンテスト形式で募集し、評価技術の創出や、ユニークな原料・素材の技術開発、ならびに、国際対応力向上を見据えた情報集約型プラットフォームの開発を通じて、将来的に化粧品業界の国際競争力の向上を目指します。

EUがリードする動物実験の禁止や環境規制等を背景に、競争力の源泉である化粧品原料の開発には新たな評価手法の確立・利用が重要となっています。現在、OECDガイドラインに登録される試験方法は増加していますが、一方で植物由来成分・混合物・油性化合物等の化粧品原料に関する安全性評価や、全身毒性に係る評価手法については、従来の評価手法を発展させるだけでは対応が困難な状況です。そのため、化粧品企業各社はこれらの安全性評価技術の開発及び実装において大きな課題を抱えているのが現状です。",,"研究開発,補助金・助成,技術シーズ発掘・育成",NEDO,2026-06-26,2026-06-26
60,【P23026】 NEDO懸賞金活用型プログラム／量子コンピュータを用いた社会問題ソリューション開発2,プロポーザル,NEDO（新エネルギー・産業技術総合開発機構）,国,2026-04-20,2027-06-30,,P23026,,,,https://www.nedo.go.jp/koubo/CD2_100440.html,技術シーズ発掘・育成,"NEDO Challenge, Quantum Computing “Solve Social Issues!”専用Webサイト

「NEDO懸賞金活用型プログラム」は、技術課題や社会課題の解決に資する多様なシーズ・解決策をコンテスト形式による懸賞金型の研究開発方式を通じて募り、将来の社会課題解決や新産業創出につながるシーズをいち早く発掘することで、共同研究等の機会創出、シーズの実用化、事業化の促進をねらって実施するものです。

本プログラムにおいて設定する懸賞金課題の一つである「量子コンピュータを用いた社会問題ソリューション開発2」では、将来利用可能になる次世代型量子コンピュータを用いた社会課題解決に取り組みます。

応募説明会はオンラインにて行う予定です。日程等の詳細は以下のWebサイトをご確認ください。",,"量子,補助金・助成,技術シーズ発掘・育成",NEDO,2026-06-26,2026-06-26
61,【P23026】 NEDO懸賞金活用型プログラム／空港グランドハンドリング作業の生産性向上に向けた技術開発および地域の人手不足解消に資するロボット技術の開発,プロポーザル,NEDO（新エネルギー・産業技術総合開発機構）,国,2026-04-02,2026-05-15,,P23026,,,,https://www.nedo.go.jp/koubo/CD2_100435.html,技術シーズ発掘・育成,"本事業は、空港グランドハンドリングのうち、慢性的な人手不足や作業負荷の高さから自動化ニーズが高い手荷物積付作業の生産性向上をテーマに、経済産業省および国土交通省と連携してコンテストを実施します。多様な手荷物を限られた空間で取り扱う必要性があることから、これまで本格的な自動化が進んでいない「未開拓領域」に対し、果敢な挑戦を期待します。

また、本事業では特定の空港設備やシステムとの連携を前提としないため、スタートアップや研究機関、企業、個人など、幅広い挑戦者の参加が可能です。

公募説明会は、現地参加およびオンライン参加のハイブリッド形式で実施します。当日に参加できない方向けに、後日アーカイブ配信を予定しています。

なお、応募に係る一切の費用は応募者の負担となります。","[{""label"": ""説明会"", ""date"": ""2026-04-09"", ""raw"": ""2026年4月9日（木）14時00分""}]","ロボット・ドローン,研究開発,補助金・助成,技術シーズ発掘・育成",NEDO,2026-06-26,2026-06-26
62,【P14004】 NEDO先導研究プログラム／NEDO先導研究プログラムにおけるVIPワークショップの開催に係る分析調査,プロポーザル,NEDO（新エネルギー・産業技術総合開発機構）,国,2026-03-23,2026-04-08,2026-04-27,P14004,株式会社エヌ・ティ・ティ・データ経営研究所,1,,https://www.nedo.go.jp/koubo/SM2_100001_00120.html,技術シーズ発掘・育成,"NEDO先導研究プログラムは、2040年以降（先導研究開始から15年以上先）の実用化・社会実装を見据えた革新的な技術の提案を募集することによって、技術シーズの発掘を行うこととしています。

2040年頃は、カーボンニュートラルの実現に向けエネルギー転換が進展していることに加えサーキュラーエコノミー、デジタル化の進展などにより、産業のみならず社会の変革が進んでいることが想定されます。NEDO先導研究プログラムでは、情報提供依頼（Request For Information：RFI）を行い、RFIを通じて得られた技術シーズの提案を公募の技術課題の設定やNEDO技術戦略の検討などに活用させていただいております。

本調査では、ビジョナリー・インキュベーション・プログラム（VIP）※の定着に向け、情報提供依頼（RFI）により提出された技術シーズの情報のうち、VIPで取り上げる技術シーズの候補について、先導研究で取り組むべき技術開発課題の設定に資する観点から分析します。また、その技術シーズの潜在的価値を高める機会としてVIPワークショップを企画検討し開催を支援します。これによって、次回以降のRFIにおいて、2040年以降の社会実装の実現に資する有望な技術シーズの提案を一層促すことを目指します。

NEDOが指定する日（2026年度）～2026年8月31日まで","[{""label"": ""説明会"", ""date"": ""2026-03-27"", ""raw"": ""2026年3月27日（金）14時00分""}, {""label"": ""説明会の申込期限"", ""date"": ""2026-03-27"", ""raw"": ""2026年3月27日（金）11時""}, {""label"": ""応募締切"", ""date"": ""2026-04-08"", ""raw"": ""2026年4月8日（水）正午""}]","調査,技術シーズ発掘・育成",NEDO,2026-06-26,2026-06-26
63,【P23026】 NEDO懸賞金活用型プログラム／「課題〔1〕新たなサイバーセキュリティの技術」「課題〔2〕量子計算機時代のブロックチェーンシステムの安全性確保技術」に係る周辺動向調査及び事業運営支援業務,プロポーザル,NEDO（新エネルギー・産業技術総合開発機構）,国,2026-03-13,2026-04-13,2026-06-08,P23026,株式会社野村総合研究所一般社団法人社会実装推進センター（上記2事業者による連名提案,1,,https://www.nedo.go.jp/koubo/IT2_100390.html,技術シーズ発掘・育成,"「NEDO懸賞金活用型プログラム」は、技術課題や社会課題の解決に資する多様なシーズ・解決策をコンテスト形式による懸賞金型の研究開発方式を通じて募り、将来の社会課題解決や新産業創出につながるシーズをいち早く発掘することで、共同研究等の機会創出、シーズの実用化、事業化の促進をねらって実施するものです。

サイバー攻撃の高度化・複雑化、脆弱性対応の迅速化、及び、開発段階からのセキュリティ品質確保の重要性の高まり等の課題が生じており、並びに、これらの課題に対して、従来の人手による運用やルールベースの対策では、攻撃手法の変化やシステム構成の複雑化に十分に追随することが困難であり、またコスト面や運用面の制約から導入が進まないケースも多くなっています。

こうした課題を解決するためには、AI技術を活用した革新的なサイバーセキュリティ製品・サービスの開発・製品化、SBOM（Software Bill of Materials：ソフトウェア部品構成表）の効率的な実運用に資するための技術開発・製品化、さらにはSSDF（Secure Software Development Framework：米国NISTが策定したセキュア・ソフトウェア開発フレームワーク）を現場に無理なく導入・定着させるための技術開発・製品化が必要です。本プログラムでは、本質的な課題に対し、多種・多様な知恵や技術をもったプレイヤーが参加することにより、効果的かつ効率的に革新的なセキュリティ対策技術の確立が期待されます。

社会生活の基盤として広くブロックチェーンが使われる中、量子計算機の発展により、当初想定されていた安全性が確保できない（危殆化）が懸念されています。また、ブロックチェーンでは暗号の有効期限に基づく鍵管理が難しく、セキュリティインシデントの原因となっています。それゆえ、ブロックチェーンに関して、耐量子計算機暗号への移行技術の創出、また、多様化した鍵管理技術を評価し、ブロックチェーンを安全に活用するための基盤となる方式を開発することが必要です。本プログラムでは、学際的に多種・多様な知恵を持ったプレイヤーが参加・協業することにより、今までより効率的な耐量子計算機暗号への移行技術の開発と、安全かつ効率的な鍵管理方式が実現されることが期待されます。","[{""label"": ""説明会の申込期限"", ""date"": ""2026-03-17"", ""raw"": ""2026年3月17日（火）正午""}, {""label"": ""説明会"", ""date"": ""2026-03-18"", ""raw"": ""2026年3月18日（水）15時00分""}, {""label"": ""応募締切"", ""date"": ""2026-04-13"", ""raw"": ""2026年4月13日（月）正午""}]","量子,調査,補助金・助成,技術シーズ発掘・育成",NEDO,2026-06-26,2026-06-26
64,【P14004】 NEDO先導研究プログラム／未踏チャレンジ,プロポーザル,NEDO（新エネルギー・産業技術総合開発機構）,国,2026-02-02,2026-04-01,2026-06-10,P14004,,1,,https://www.nedo.go.jp/koubo/SM2_100001_00110.html,技術シーズ発掘・育成,"本プログラムは、2026年度の政府予算に基づき実施するため、予算案の審議状況や政府方針の変更等により、公募の内容や予算規模等が変更されることがあります。

NEDO先導プログラムは、脱炭素社会の実現に向けて、課題の解決に資する技術シーズを発掘し、先導研究を実施することで、産業技術に発展させていくことを目的とします。

これにより未踏チャレンジでは、事業開始後30年先の技術の実用化・社会実装を実現していくため、大学・公的研究機関等や産業界が有する将来有望な技術シーズを有する事業者に対して業務委託することで先導研究を実施し、有望な技術を育成します。

また、公募に関するFAQも本ページ最下の資料欄に掲載いたしましたので、ご確認ください。","[{""label"": ""応募締切"", ""date"": ""2026-04-01"", ""raw"": ""2026年4月1日（水）正午""}]",技術シーズ発掘・育成,NEDO,2026-06-26,2026-06-26
65,【P14004】 NEDO先導研究プログラム／フロンティア育成事業,プロポーザル,NEDO（新エネルギー・産業技術総合開発機構）,国,2026-01-26,2026-02-27,2026-06-04,P14004,,1,,https://www.nedo.go.jp/koubo/SM2_100001_00111.html,技術シーズ発掘・育成,"国立研究開発法人新エネルギー・産業技術総合開発機構（以下「NEDO」という。）は、2026年度「NEDO先導研究プログラム／フロンティア育成事業」の委託先を広く一般に募集します。このプログラムへの応募を希望される方は、本公募要領に従いご応募ください。

本プログラムは、2026年度の政府予算に基づき実施するため、予算案等の審議状況や政府方針の変更等により、公募の内容や予算規模、採択後の実施計画、概算払の時期等が変更されることがあります。

本事業は、脱炭素社会の実現と新産業の創出を目指し、将来的に高い成長が期待されるフロンティア領域※における初期段階の研究開発を支援するものです。

研究開発テーマは、革新性及び独創性が高いものであって、研究開発フェーズとしては取組の初期の段階であり、社会実装までの確実な見通しをつけることが現時点では困難であるが、研究開発に成功した場合、産業へインパクトを与えると期待できるものであること、すなわち、ハイリスクではあっても、ハイリターンが期待できることを重視します。","[{""label"": ""応募締切"", ""date"": ""2026-01-26"", ""raw"": ""2026年1月26日（月）""}]",技術シーズ発掘・育成,NEDO,2026-06-26,2026-06-26
66,【P14004】 NEDO先導研究プログラム／エネルギー・環境新技術先導研究プログラム,プロポーザル,NEDO（新エネルギー・産業技術総合開発機構）,国,2026-01-26,2026-02-27,2026-05-29,P14004,,1,,https://www.nedo.go.jp/koubo/SM2_100001_00108.html,技術シーズ発掘・育成,"国立研究開発法人新エネルギー・産業技術総合開発機構（以下「NEDO」という。）は、2026年度「NEDO先導研究プログラム／エネルギー・環境新技術先導研究プログラム」の委託先を広く一般に募集します。このプログラムへの応募を希望される方は、本公募要領に従いご応募ください。

本プログラムは、2026年度の政府予算に基づき実施するため、予算案等の審議状況や政府方針の変更等により、公募の内容や予算規模、採択後の実施計画、概算払の時期等が変更されることがあります。

本事業は、脱炭素社会の実現に向けて、課題の解決に資する技術シーズを発掘し、必要な場合には海外の研究機関等とも連携しつつ先導研究を実施することで、産業技術に発展させていくための要素技術を発掘・育成することを目的とします。これにより、国家プロジェクトを含む産学連携体制による共同研究等につなげていくことを目指します。

研究開発テーマは、革新性及び独創性が高いものであって、研究開発フェーズとしては取組の初期の段階であり、社会実装までの確実な見通しをつけることが現時点では困難であるが、研究開発に成功した場合、産業へインパクトを与えると期待できるものであること、すなわち、ハイリスクではあっても、ハイリターンが期待できることを重視します。","[{""label"": ""応募締切"", ""date"": ""2026-01-26"", ""raw"": ""2026年1月26日（月）""}]",技術シーズ発掘・育成,NEDO,2026-06-26,2026-06-26
67,【P23026】 「NEDO懸賞金活用型プログラム／量子コンピュータを用いた社会問題ソリューション開発2」の企画運営に関する調査,プロポーザル,NEDO（新エネルギー・産業技術総合開発機構）,国,2026-01-23,2026-02-24,2026-03-23,P23026,,1,,https://www.nedo.go.jp/koubo/CD2_100417.html,技術シーズ発掘・育成,"応募状況等により、公募期間を延長する場合があります。

「NEDO懸賞金活用型プログラム」は、技術課題や社会課題の解決に資する多様なシーズ・解決策をコンテスト形式による懸賞金型の研究開発方式を通じて募り、将来の社会課題解決や新産業創出につながるシーズをいち早く発掘することで、共同研究等の機会創出、シーズの実用化、事業化の促進をねらって実施するものです。

本プログラムにおいて設定する懸賞金課題の一つである「量子コンピュータを用いた社会問題ソリューション開発2※」では、将来利用可能になる次世代型量子コンピュータを用いた社会課題解決に取り組む予定です。

本調査では、〔1〕当該課題の懸賞広告やコンテストの企画立案・運営、〔2〕懸賞広告応募者に提供するレクチャー・ハンズオンの企画立案・運営、〔3〕課題提案の募集とコンテスト課題としてのとりまとめ、〔4〕懸賞広告応募者に提供する研究開発環境整備、〔5〕広報や周知活動等の企画運営業務、〔6〕評価手法の検討（ルール・基準の明確化）、〔7〕審査会の企画運営業務、〔8〕応募者の将来の共同研究等の実現に向けた支援および〔9〕本プログラムの制度改善に資する調査・示唆等を行います。","[{""label"": ""応募締切"", ""date"": ""2026-02-24"", ""raw"": ""2026年2月24日（火）正午""}]","量子,調査,補助金・助成,技術シーズ発掘・育成",NEDO,2026-06-26,2026-06-26
68,【P11013】 二国間クレジット制度（JCM）等を活用した低炭素技術普及促進事業／低炭素技術による市場創出促進事業（実証設計）,プロポーザル,NEDO（新エネルギー・産業技術総合開発機構）,国,2026-04-20,2026-06-15,,P11013,,,"1件あたり2,000万円以内",https://www.nedo.go.jp/koubo/GI2_100001_00020.html,温暖化対策,"「二国間クレジット制度（JCM）等を活用した低炭素技術普及促進事業」は、我が国の優れた低炭素技術・システムの普及拡大及び地球規模での温室効果ガス削減を目的として、JCMを活用して海外実証を行い、当該技術・システムによる温室効果ガス排出削減・吸収量を定量化し、我が国のJCMクレジット獲得を目指す事業です。また、これをもって、我が国のNDCの達成に貢献することを目指すものです。

実証設計では、NEDOの委託事業者は実証事業を実施する上で必要となる実証計画の策定、普及の蓋然性、温室効果ガスの排出削減効果及びその定量化手法（JCM方法論等）等について調査します。

実証事業への移行については、外部有識者による事業化評価委員会及びNEDO内の契約・助成審査委員会において、実証設計の実施結果をもとに実証事業の基本設計、具体的な実施体制等の準備状況、実証技術・システムの普及性等について審査を行い、決定します。

実証事業では、NEDOの委託事業者は、実証技術・システムの導入・運転を行い、また、温室効果ガス排出削減効果の定量化とJCMのプロジェクトサイクル（※1）の手続き実施によるJCMクレジット獲得に取り組みます。","[{""label"": ""応募締切"", ""date"": ""2026-04-20"", ""raw"": ""2026年4月20日（月）""}]","実証,温暖化対策",NEDO,2026-06-26,2026-06-26
69,【P11013】 二国間クレジット制度（JCM）等を活用した低炭素技術普及促進事業／定量化促進事業／JCMクレジット化支援調査事業,プロポーザル,NEDO（新エネルギー・産業技術総合開発機構）,国,2026-04-08,2026-05-18,,P11013,,,"1件あたり2,000万円以内",https://www.nedo.go.jp/koubo/GI2_100001_00022.html,温暖化対策,"「二国間クレジット制度（JCM）等を活用した低炭素技術普及促進事業」は、我が国の優れた低炭素技術・システムの普及拡大及び地球規模での温室効果ガス削減を目的として、二国間クレジット制度（JCM）を活用して海外実証を行い、当該技術・システムによる温室効果ガス排出削減・吸収量を定量化し、我が国のJCMクレジット獲得を目指す事業です。また、並行して、新たなJCM方法論を開拓し、将来の案件形成を促進するための方法論開発事業や、日本政府が推進する民間資金を中心とするJCMプロジェクトの組成をサポートする定量化支援事業を行います。以上をもって、我が国のNDCの達成に貢献することを目指すものです。

「JCMクレジット化支援調査事業」は、JCMパートナー国において、日本の民間企業等が実施する温室効果ガス排出削減効果が見込まれる事業を対象として、JCM方法論を開発・適用し、当該事業の温室効果ガス排出削減量を検証します。また、JCMのルールに則り、下図のJCMプロジェクトサイクルにともなう手続きや業務を実施します。

出典：二国間クレジット制度の最新動向（3591KB）

当該公募の内容、契約に係る手続き、提案書類等についての説明会を2026年4月14日（火）に実施いたしました。",,"調査,温暖化対策",NEDO,2026-06-26,2026-06-26
70,【P11013】 二国間クレジット制度（JCM）等を活用した低炭素技術普及促進事業／定量化促進事業／有望技術分野の新規方法論開発に向けた調査,プロポーザル,NEDO（新エネルギー・産業技術総合開発機構）,国,2026-04-08,2026-05-25,,P11013,,,"1件あたり2,000万円以内",https://www.nedo.go.jp/koubo/GI2_100001_00021.html,温暖化対策,"「二国間クレジット制度（JCM）等を活用した低炭素技術普及促進事業」は、我が国の優れた低炭素技術・システムの普及拡大及び地球規模での温室効果ガス削減を目的として、JCMを活用して海外実証を行い、当該技術・システムによる温室効果ガス排出削減量を定量化し、我が国のJCMクレジット化を目指す事業です。また、並行して、新たなJCM方法論を開拓し、将来の案件形成を促進するための方法論開発事業や、日本政府が推進する民間資金を中心とするJCMプロジェクトの組成をサポートする定量化支援事業を行います。以上をもって、我が国のNDCの達成に貢献することを目指すものです。

「二国間クレジット制度（JCM）等を活用した低炭素技術普及促進事業」のうち、本公募が対象とする「有望技術分野の新規方法論開発に向けた調査」（方法論開発事業）は、JCMを活用した低炭素促進事業の拡大に資するため、大規模な温室効果ガスの排出削減に寄与する我が国の低炭素技術・システムのうち、「有望かつ方法論が未整備」のものを対象として、JCM方法論の開発と温室効果ガス排出削減量の試算及びそれらの前提となる条件の検討を行います。

JCMパートナー国（※1）の他、新規国（※2）での提案も受け付けます。詳細は公募要領をご確認ください。

エネルギー起源二酸化炭素（エネルギーの使用に伴って発生する二酸化炭素をいう。）の排出の抑制に関する技術・システム※であり、かつ、我が国が優位性を発揮し、大規模な温室効果ガスの排出削減に寄与する「有望かつ方法論が未整備」の低炭素技術・システムを対象とします。",,"調査,温暖化対策",NEDO,2026-06-26,2026-06-26
71,【P93050】 国際実証における現地制度調査及び事業化評価時のビジネスモデル等の分析調査,プロポーザル,NEDO（新エネルギー・産業技術総合開発機構）,国,2026-02-09,2026-02-26,,P93050,,,,https://www.nedo.go.jp/koubo/GI2_100001_00016.html,温暖化対策,"なお、本調査は2026年度の政府予算に基づき実施するため、予算案等の審議状況や政府方針の変更等により、公募の内容や採択後の実施計画、概算払の時期等が変更される場合があります。

世界のエネルギー消費量は増加の一途を辿り、海外のエネルギー市場は引き続き増加しています。併せて、再生可能エネルギーコストの急低下や同設備容量が石炭火力を上回るなど、各国の低炭素化・脱炭素化に向けたエネルギー転換等が加速しています。また、日本は、国民生活や産業活動の高度化、サービス化を進める中で行われてきた様々な省エネルギーの努力により、世界でもGDP当たりの一次エネルギー供給量が最も少ない国のひとつとなっています。このような背景を受け、NEDOは日本のエネルギー関連産業の国内外への展開、国内外のエネルギー転換・低炭素化・脱炭素化、我が国のエネルギーセキュリティに貢献するために国際実証事業を実施しています。

海外で行う国際実証は、当該国の法令に大きな影響を受けるため、脱炭素化・エネルギー転換に資する我が国技術の国際実証事業（以下、国際エネ実証）では成立性調査の、二国間クレジット制度（JCM）等を活用した低炭素技術普及促進事業（以下、JCM実証）では実証設計時の実施項目に法令調査を加えています。しかし、NEDOとして当該国の一般的な情報をあらかじめ収集しておくことは、案件相談や採択審査を行ううえでも有効と考えられます。

また、NEDOの国際実証では、実証設計から実証事業／実証研究に移行する際の事業化評価において、対象技術の普及にかかる事業戦略や収益性について、審査委員以外の外部専門家の知見を取り入れた経済性評価を2015年から行っています。","[{""label"": ""応募締切"", ""date"": ""2026-02-26"", ""raw"": ""2026年2月26日（木）正午""}]","国際,調査,実証,温暖化対策",NEDO,2026-06-26,2026-06-26
72,【P25005】 2026年度「Innovation for Cool Earth Forum（ICEF）の実施に係る国際連携及び情報発信等事業」,プロポーザル,NEDO（新エネルギー・産業技術総合開発機構）,国,2026-01-23,2026-03-05,2026-03-31,P25005,,1,,https://www.nedo.go.jp/koubo/GI2_100001_00011.html,温暖化対策,"なお、本事業は、2026年度の政府予算に基づき実施するため、予算案等の審議状況や政府方針の変更等により、公募の内容や採択後の実施計画、概算払いの時期等が変更される場合があります。

気候変動問題の解決には、エネルギー・環境分野におけるイノベーションの促進が重要であり、世界の産学官の英知を結集して取り組むことが必要不可欠です。本事業は、社会・技術イノベーションや各国の取組等の最新動向等調査・分析、国際連携の在り方の検討、情報発信等、2026年10月にNEDO及び経済産業省の主催により開催が予定されている「Innovation for Cool Earth Forum（ICEF）」の実施に係る各種業務を行うものです。

提案にあたっては、「仕様書」における【5．（1）気候変動対策において注目すべき政策・技術に関する調査】、または、【5．（2）ICEF事務局の運営業務及び5．（3）広報、情報発信業務】のいずれかを満たす内容である必要があります。

なお、【5．（1）】及び【5．（2）、5．（3）】を合わせて一つの提案とする応募方式は受け付けません。","[{""label"": ""説明会"", ""date"": ""2026-02-02"", ""raw"": ""2026年2月2日（月）14時00分""}, {""label"": ""応募締切"", ""date"": ""2026-03-05"", ""raw"": ""2026年3月5日（木）正午""}]","国際,温暖化対策",NEDO,2026-06-26,2026-06-26
73,【P26006】 科学とビジネスの近接化時代の大規模産学連携拠点形成事業,プロポーザル,NEDO（新エネルギー・産業技術総合開発機構）,国,2026-03-31,2026-05-11,,P26006,,,"全体予算1,029,000万円",https://www.nedo.go.jp/koubo/SM2_100001_00123.html,産学連携・人材育成,"本事業は、大学等と産業界が連携して実施する社会実装を見据えた研究開発を支援することにより、ディープテック・スタートアップの創出の拡大とそれらの創出に繋がる環境整備、産学連携のすそ野の拡大を推進し、大学等を中心として科学技術・資金・人材が集結・循環する産学連携拠点の形成を目的として実施します。

また、産学が協力して設置・運営する学位プログラム（契約学科）の取組を提案に含める場合は、加点します。

国家戦略技術領域※において大学等が実施する研究開発であり、革新的な技術の研究開発の実施や高度な人材の養成及びそのための環境整備を行うものについて補助します。なお、補助金の交付先は大学等とし、フュージョンエネルギー関連技術は補助対象外技術領域とします。

「第7期『科学技術・イノベーション基本計画』（素案のたたき台）」（1947KB）総合科学技術・イノベーション会議基本計画専門調査会",,産学連携・人材育成,NEDO,2026-06-26,2026-06-26
74,【P20004】 官民による若手研究者発掘支援事業,プロポーザル,NEDO（新エネルギー・産業技術総合開発機構）,国,2026-03-31,2026-05-11,,P20004,,,,https://www.nedo.go.jp/koubo/SM2_100001_00119.html,産学連携・人材育成,"本事業は、目的志向型の創造的な基礎又は応用研究を行う若手研究者を発掘し、実用化に向けた産学連携体制での研究開発の実施を支援することにより、次世代のイノベーションを担う人材を育成するとともに、我が国における新産業の創出に貢献することを目的として実施します。

大学等に所属し、産業界が期待する目的志向型の創造的な基礎又は応用研究を実施する若手研究者と企業との共同研究等の機会を創出するためのマッチング支援を行います。

また、審査で補助対象事業として採択されたものについて補助します。

なお、補助金の交付先は、若手研究者が所属する大学等とします。",,産学連携・人材育成,NEDO,2026-06-26,2026-06-26
75,【P93050】 「脱炭素化・エネルギー転換に資する我が国技術の国際実証事業」,プロポーザル,NEDO（新エネルギー・産業技術総合開発機構）,国,2026-03-23,2026-04-22,2026-06-25,P93050,,1,,https://www.nedo.go.jp/koubo/GI2_100001_00018.html,国際展開支援,"なお、本事業は、政府方針の変更等により、公募の内容等が変更される場合がございます。

我が国が強みを有するS+3E（安全性、安定供給、経済性、環境適合）の実現に資する技術を対象に、我が国と環境が異なる海外での実証を通じて、当該技術の開発に資するとともに有効性を示し、国内外での普及に結び付けます。この取組を通じて、我が国のエネルギー関連産業の国内外への展開、国内外のエネルギー転換・脱炭素化、我が国のエネルギーセキュリティに貢献することを目的としています。

2026年3月23日（月）より4月22日（水）正午まで

［1］成立性調査と［2］実証設計で公募期間は同じです。","[{""label"": ""説明会の申込期限"", ""date"": ""2026-03-25"", ""raw"": ""2026年3月25日（水）""}, {""label"": ""説明会"", ""date"": ""2026-03-26"", ""raw"": ""2026年3月26日（木）13時30分""}]","脱炭素・GX,国際,実証,国際展開支援",NEDO,2026-06-26,2026-06-26
76,【P23004】 競争的な水素サプライチェーン構築に向けた技術開発事業（総合調査研究）[水素分野に関する国際会議の調査運営業務],プロポーザル,NEDO（新エネルギー・産業技術総合開発機構）,国,2026-03-06,2026-04-16,2026-05-29,P23004,,1,,https://www.nedo.go.jp/koubo/SE2_100001_00125.html,国際展開支援,"国立研究開発法人新エネルギー・産業技術総合開発機構（以下「NEDO」という。）は、下記事業の実施者を広く一般に公募いたしますので、本件について受託を希望する方は、下記に基づきご応募ください。

なお、本事業は2026年度以降の政府予算に基づき実施するため、予算案等の審議状況や政府方針の変更等により、公募の内容や採択後の実施計画、概算払の時期等が変更される場合があります。

世界各国は、パリ協定採択に基づき気候変動対策としてCO2を含む温室効果ガスの削減に向けた取り組みを進めています。

そうした中、我が国でも、カーボンニュートラル社会に必要不可欠なキーテクノロジーとされる水素の利活用をグローバル規模で推進し、関係各国が連携を図る場として「水素に関わる閣僚級の国際会議」が2018年から開催されています。","[{""label"": ""説明会"", ""date"": ""2026-03-12"", ""raw"": ""2026年3月12日（木）15時30分""}, {""label"": ""応募締切"", ""date"": ""2026-04-16"", ""raw"": ""2026年4月16日（木）正午""}]","水素,国際,調査,研究開発,国際展開支援",NEDO,2026-06-26,2026-06-26
77,【P14004】 エネルギー・環境分野における革新的技術の国際共同研究開発事業,プロポーザル,NEDO（新エネルギー・産業技術総合開発機構）,国,2026-01-26,2026-03-26,,P14004,,,,https://www.nedo.go.jp/koubo/SM2_100001_00104.html,国際展開支援,"国立研究開発法人新エネルギー・産業技術総合開発機構（以下「NEDO」という。）は、2026年度「エネルギー・環境分野における革新的技術の国際共同研究開発」の委託先を広く一般に募集いたします。本事業の応募を希望される方は、本公募要領に従いご応募ください。

本事業は、2026年度の政府予算に基づき実施するため、政府方針の変更等により、公募の内容や予算規模等が変更されることがあります。

本事業では、脱炭素社会の実現に向けて、我が国の大学・公的研究機関等が諸外国の研究機関等との間で連携・協力して行うことを前提に、2040年以降の実用化・社会実装を見据えた革新的な技術を対象とした国際共同研究開発を推進いたします。

当該公募の内容、応募手続きについて、2026年2月6日に本公募サイトにおいて、公募概要を説明した動画配信をおこないました。","[{""label"": ""応募締切"", ""date"": ""2026-03-26"", ""raw"": ""2026年3月26日（木）正午""}]","国際,研究開発,国際展開支援",NEDO,2026-06-26,2026-06-26
78,【P*****】 調査事業（技術を社会実装するために必要な標準化・知財戦略マネジメントに関する調査）,プロポーザル,NEDO（新エネルギー・産業技術総合開発機構）,国,2026-06-26,2026-07-09,,P*****,,,,https://www.nedo.go.jp/koubo/NA2_100286.html,基金・その他,"NEDO職員が、研究開発成果を社会実装するために必要な標準化・知財戦略に関する基本的な知識を習得し、NEDOプロジェクトに参加する者やNEDO外部の組織体及び専門家との適切な連携等を図ることにより、NEDOプロジェクトにおける標準化及び知財の戦略的活用をより有効・有用に機能させるための指針となるガイドラインの提供を目的とし、次に掲げる事項について調査を行う。

応募予定の方は可能な限り出席してください。なお、説明は日本語で行います。

委託事業・補助・助成事業の契約手続きに関する情報を掲載しています。

© New Energy and Industrial Technology Development Organization. All rights reserved.","[{""label"": ""説明会の申込期限"", ""date"": ""2026-06-29"", ""raw"": ""2026年6月29日（月）正午""}, {""label"": ""説明会"", ""date"": ""2026-06-30"", ""raw"": ""2026年6月30日（火）14時00分""}, {""label"": ""応募締切"", ""date"": ""2026-07-09"", ""raw"": ""2026年7月9日（木）正午""}]","調査,基金・その他",NEDO,2026-06-26,2026-06-26
79,【P*****】 NEDOプロジェクトにおけるアウトカム目標の在り方に関する調査,プロポーザル,NEDO（新エネルギー・産業技術総合開発機構）,国,2026-06-18,2026-07-03,,P*****,,,,https://www.nedo.go.jp/koubo/GI2_100001_00027.html,基金・その他,"NEDOの研究開発事業では、NEDOプロジェクトの研究成果が政策として何を実現するかを明確化し、対外説明、事業期間中の評価及び終了後の社会への波及を測る指標としてアウトカム目標を設定しますが、設定指標として事業終了から10年以上先を見据えた市場創出効果や温室効果ガス削減量といった長期的な指標が中心となっています。一方で、経済産業省をはじめとした政府機関が示している行政事業レビューシートにおいては、事業化数や上市数など、より短期的・直接的な成果指標が用いられており、同じアウトカム目標であっても、NEDOと他の機関でその位置づけや評価の時間軸に差異が見られます。このため、NEDOにおいてはアウトカム目標を評価軸として活用しているものの、その達成状況を客観的かつ一貫した方法での評価が難しいことが課題となっています。

本調査は、国内外の事例を整理・比較するとともに、これらの乖離や不整合を整理することで、NEDOプロジェクトに適したアウトカム目標の設定の在り方を検討することを目的とします。

応募予定の方は可能な限り出席してください。なお、説明は日本語で行います。

委託事業・補助・助成事業の契約手続きに関する情報を掲載しています。","[{""label"": ""説明会の申込期限"", ""date"": ""2026-06-24"", ""raw"": ""2026年6月24日（水）正午""}, {""label"": ""説明会"", ""date"": ""2026-06-25"", ""raw"": ""2026年6月25日（木）15時00分""}, {""label"": ""応募締切"", ""date"": ""2026-07-03"", ""raw"": ""2026年7月3日（金）正午""}]","調査,基金・その他",NEDO,2026-06-26,2026-06-26
80,【P99029】 戦略策定調査事業（精密発酵および細胞農業等における企業活動、技術開発、規制・制度整備等の分析調査）,プロポーザル,NEDO（新エネルギー・産業技術総合開発機構）,国,2026-06-18,2026-07-03,,P99029,,,,https://www.nedo.go.jp/koubo/NA2_100283.html,基金・その他,"NEDOイノベーション戦略センターは、フードテック分野※1における調査・分析を通して、我が国の農林水産・食品分野におけるあるべき姿の検討とイノベーションを起こすべき技術領域を特定する「Innovation Outlook」の策定に取り組んでいます。

現在、世界の食料システムは気候変動の進行や人口増加、食生活の高度化等に伴うタンパク質需要の急増への対応に加え、環境負荷低減と供給安定性の両立という課題に直面しています。この解決策として、微生物の機能を高度に設計・活用して食品成分等を生産する「精密発酵」や特定の細胞を培養して直接食品等を生産する「細胞農業」が注目されています。これらは、既存の農畜水産業を補完し、食料供給源の多様化を図ることで、持続可能かつ強靱な食料供給システムの構築に寄与するものとして期待されています。

本調査では、これらにおける国内外の最新の企業動向（スタートアップ動向を含む）、技術開発（大学・研究機関等を含む）、および規制・制度整備等の進展状況について、多角的かつ客観的に検証します。それにより、我が国が強みを有する技術（伝統的醗酵技術等）との融合、さらには既存の延長線上にない、革新的なブレイクスルーをもたらす技術開発の方向性を広く探索します。その際に、グローバルな競争環境における技術的・制度的課題を分析することで、次世代の食料供給を担うイノベーションを起こすべき技術領域を具体的に特定し、我が国の食料安全保障の強化と国際競争力の向上に資する技術開発の方向性を提示します。

応募予定の方は可能な限り出席してください。なお、説明は日本語で行います。","[{""label"": ""説明会の申込期限"", ""date"": ""2026-06-22"", ""raw"": ""2026年6月22日（月）正午""}, {""label"": ""説明会"", ""date"": ""2026-06-23"", ""raw"": ""2026年6月23日（火）11時00分""}, {""label"": ""応募締切"", ""date"": ""2026-07-03"", ""raw"": ""2026年7月3日（金）正午""}]","バイオ・医療,調査,研究開発,基金・その他",NEDO,2026-06-26,2026-06-26
81,【P23029】 経済安全保障重要技術育成プログラム／高効率・高品質レーザー加工技術の開発／研究開発項目〔3〕高品質・高出力な半導体レーザーの研究開発及び当該半導体レーザーを用いた車載用LiDARの構築,プロポーザル,NEDO（新エネルギー・産業技術総合開発機構）,国,2026-06-15,2026-07-16,,P23029,,,,https://www.nedo.go.jp/koubo/IT2_100395.html,基金・その他,"経済安全保障の確保・強化の観点から、我が国が支援対象とすべき重要技術の研究開発を進めることとしている「経済安全保障重要技術育成プログラム」の一環として、NEDOは「高効率・高品質レーザー加工技術の開発／研究開発項目〔3〕高品質・高出力な半導体レーザーの研究開発及び当該半導体レーザーを用いた車載用LiDARの構築」を実施する予定です。

「高効率・高品質レーザー加工技術の開発」に関する研究開発構想（438KB）（令和8年4月改定）（内閣府・経済産業省）

委託事業・補助・助成事業の契約手続きに関する情報を掲載しています。

© New Energy and Industrial Technology Development Organization. All rights reserved.","[{""label"": ""説明会の申込期限"", ""date"": ""2026-06-19"", ""raw"": ""2026年6月19日（金）15時""}, {""label"": ""説明会"", ""date"": ""2026-06-22"", ""raw"": ""2026年6月22日（月）14時00分""}]","半導体・レーザー,モビリティ,経済安全保障,研究開発,基金・その他",NEDO,2026-06-26,2026-06-26
82,【P*****】 NEDO研究開発資産管理業務の高度化に向けた検討に係る調査事業（NEDO研究開発資産保全のための包括保険付保等に係る検討調査事業）,プロポーザル,NEDO（新エネルギー・産業技術総合開発機構）,国,2026-06-05,2026-06-19,,P*****,,,,https://www.nedo.go.jp/koubo/AC2_100012.html,基金・その他,"なお、本ページは、公募予告「『NEDO研究開発資産管理業務の高度化に向けた検討に係る調査事業』の公募について（予告）」で掲載した2テーマのうち、テーマ「NEDO研究開発資産保全のための包括保険付保等に係る検討調査」に関する公募情報です。

NEDOでは保有する研究開発資産の保全のため、必要に応じて損害保険（火災保険・賠償責任保険）を包括で付保し、自然災害等の不測の事態に迅速に復旧、研究再開できるような体制を構築しています。

しかしながら、保険業界において火災保険部門の赤字構造改善が求められており、2026年度よりNEDOの包括保険においても一部の資産は補償内容の縮小等の見直しを行っています。一方、NEDOにおいても研究開発予算規模の拡大により保有する研究開発資産は急増しているため、保険会社の引き受けリスク等から包括保険の保険会社一社による付保が難しい状況になっています。

今後も資産の増加が見込まれ、更に高リスク資産の付保の可能性もあるため、本調査では包括保険に関する事例調査等を行った上でNEDOの包括保険の最適な補償内容と調達方法のいくつかの可能性を見出すことで、次年度以降における包括保険の付保に資するものとします。","[{""label"": ""説明会の申込期限"", ""date"": ""2026-06-09"", ""raw"": ""2026年6月9日（火）正午""}, {""label"": ""説明会"", ""date"": ""2026-06-10"", ""raw"": ""2026年6月10日（水）11時00分""}, {""label"": ""応募締切"", ""date"": ""2026-06-19"", ""raw"": ""2026年6月19日（金）正午""}]","調査,研究開発,基金・その他",NEDO,2026-06-26,2026-06-26
83,【P99029】 戦略策定調査事業（デジタル技術のフロンティア領域に関する俯瞰調査）,プロポーザル,NEDO（新エネルギー・産業技術総合開発機構）,国,2026-06-01,2026-06-22,,P99029,,,,https://www.nedo.go.jp/koubo/NA2_100284.html,基金・その他,"世界的に技術革新が同時多発的に進展する中、将来の産業競争力や経済安全保障を左右する先端技術領域が急速に拡大しています。各国は、自国の競争優位の源泉となり得る技術分野について、中長期的視点に基づく重点投資や戦略的育成を進めており、こうした動きは近年一層加速しています。日本が将来にわたって持続的成長を実現していくためには、単なる延長線上の技術開発に留まらず、「次の飯のタネ」となり得るフロンティア領域※1を早期に見定め、戦略的かつ集中的に育成していくことが不可欠です。

NEDOのイノベーション戦略センター デジタルユニットでは、デジタル分野におけるフロンティア領域の抽出・整理に取り組み、それに関するイノベーション戦略の立案を行っています。

本調査では、デジタル分野におけるフロンティア領域の候補となる技術領域について、革新性・将来性・優位性・民間のみでの実施困難性・経済安全保障という5つの観点に基づいて、複数の手法を組み合わせて分析し、MFTロジックモデル（M：社会課題／Mission、F：機能・提供価値／Function、T：技術／Technology）※2で整理することにより、単なる有望技術の列挙ではなく構造的に次のフロンティアになり得る領域を特定することを目的とします。

応募予定の方は可能な限り出席してください。なお、説明は日本語で行います。","[{""label"": ""説明会の申込期限"", ""date"": ""2026-06-04"", ""raw"": ""2026年6月4日（木）正午""}, {""label"": ""説明会"", ""date"": ""2026-06-05"", ""raw"": ""2026年6月5日（金）11時""}, {""label"": ""応募締切"", ""date"": ""2026-06-22"", ""raw"": ""2026年6月22日（月）正午""}]","AI・データ,調査,基金・その他",NEDO,2026-06-26,2026-06-26
84,【P99029】 戦略策定調査事業（植物資源を基盤とした地域循環型バイオ産業に関する調査（2026年度バイオエコノミー分野の定点観測調査））,プロポーザル,NEDO（新エネルギー・産業技術総合開発機構）,国,2026-06-01,2026-06-19,,P99029,,,,https://www.nedo.go.jp/koubo/NA2_100282.html,基金・その他,"植物資源を基盤とした地域循環型バイオ産業に関する国内外の技術開発動向や市場動向・市場環境等を俯瞰的に情報収集・整理し、全体像をまとめるとともに、その振興等へ向けた課題を特定することを目的とする。

応募予定の方は可能な限り出席してください。なお、説明は日本語で行います。

委託事業・補助・助成事業の契約手続きに関する情報を掲載しています。

© New Energy and Industrial Technology Development Organization. All rights reserved.","[{""label"": ""説明会の申込期限"", ""date"": ""2026-06-04"", ""raw"": ""2026年6月4日（木）正午""}, {""label"": ""説明会"", ""date"": ""2026-06-05"", ""raw"": ""2026年6月5日（金）13時30分""}, {""label"": ""応募締切"", ""date"": ""2026-06-19"", ""raw"": ""2026年6月19日（金）正午""}]","バイオ・医療,調査,基金・その他",NEDO,2026-06-26,2026-06-26
85,【P99029】 戦略策定調査事業（変動性再生可能エネルギー主電源化に向けた次世代系統安定化技術に関する調査）,プロポーザル,NEDO（新エネルギー・産業技術総合開発機構）,国,2026-06-01,2026-06-30,,P99029,,,,https://www.nedo.go.jp/koubo/NA2_100276.html,基金・その他,"2025年2月に第7次エネルギー基本計画が閣議決定され、2050年カーボンニュートラルの実現に向け、2040年の電源構成において再生可能エネルギー40～50％が目標として掲げられた。また、GX2040ビジョンの下、系統増強や大規模な蓄電池導入を含む電力インフラ投資も本格化している。

このようななか、再エネの拡大に伴い、慣性力や短絡容量の低下による系統安定性リスクが顕在化しつつあり、将来的な大規模停電に至る懸念も指摘されている。欧州では、次世代の系統安定化技術や制度整備が進む一方、日本では議論が分散している。本調査では、国際的な技術・制度動向を整理し、日本の電力系統における課題と検討論点を明確化する。

応募予定の方は可能な限り出席してください。なお、説明は日本語で行います。

委託事業・補助・助成事業の契約手続きに関する情報を掲載しています。","[{""label"": ""説明会の申込期限"", ""date"": ""2026-06-08"", ""raw"": ""2026年6月8日（月）正午""}, {""label"": ""説明会"", ""date"": ""2026-06-09"", ""raw"": ""2026年6月9日（火）13時""}, {""label"": ""応募締切"", ""date"": ""2026-06-30"", ""raw"": ""2026年6月30日（火）正午""}]","調査,基金・その他",NEDO,2026-06-26,2026-06-26
86,【P*****】 調査事業（新たな価値への共感形成に関する調査）,プロポーザル,NEDO（新エネルギー・産業技術総合開発機構）,国,2026-05-27,2026-06-18,,P*****,,,,https://www.nedo.go.jp/koubo/NA2_100278.html,基金・その他,"具体的な社会課題に対応した製品等について、その価値を消費者に訴求し、表明上の意向にとどまらない実際の選択行動として、消費者が自らの支払いにより選択する、又はプレミアム価格でも購入する過程を明らかにするための実証調査を実施する。実証調査を踏まえて、消費者の選択行動の過程・特性を明らかにすることを目指し、社会課題への対応を新たな価値として認識するための方策について整理する。

応募予定の方は可能な限り出席してください。なお、説明は日本語で行います。

委託事業・補助・助成事業の契約手続きに関する情報を掲載しています。

© New Energy and Industrial Technology Development Organization. All rights reserved.","[{""label"": ""説明会の申込期限"", ""date"": ""2026-06-02"", ""raw"": ""2026年6月2日（火）正午""}, {""label"": ""説明会"", ""date"": ""2026-06-03"", ""raw"": ""2026年6月3日（水）13時30分""}, {""label"": ""応募締切"", ""date"": ""2026-06-18"", ""raw"": ""2026年6月18日（木）正午""}]","調査,基金・その他",NEDO,2026-06-26,2026-06-26
87,【P21014】 グリーンイノベーション基金事業に関する広報戦略調査,プロポーザル,NEDO（新エネルギー・産業技術総合開発機構）,国,2026-05-27,2026-06-25,,P21014,,,,https://www.nedo.go.jp/koubo/KH2_100159.html,基金・その他,"本調査では、温暖化対応を次なる成長につなげていくという「経済と環境の好循環」を作り出すために、基金を呼び水として、民間企業等の研究開発・設備投資を誘発し、さらには、世界のESG資金を国内に呼び込むことを目指し、基金事業や関連産業・技術に関心を持つ国内外の事業者・研究者・投資家等に対して、戦略的かつ効果的な広報施策を企画・実施する。併せて、各プロジェクトで生み出された技術開発の成果によってどのように社会が変わるのか、技術開発で創出される未来ビジョンを共有し、各プロジェクトの意義や社会への影響・効果等の理解増進に繋がる情報発信を行います。

NEDOが指定する日（2026年度）から2029年3月31日（土）（2028年度）まで

公募参加にあたっては、以下の約款はご確認ください。

委託事業・補助・助成事業の契約手続きに関する情報を掲載しています。","[{""label"": ""説明会の申込期限"", ""date"": ""2026-06-01"", ""raw"": ""2026年6月1日（月）17時""}, {""label"": ""説明会"", ""date"": ""2026-06-02"", ""raw"": ""2026年6月2日（火）13時30分""}, {""label"": ""応募締切"", ""date"": ""2026-06-25"", ""raw"": ""2026年6月25日（木）正午""}]","脱炭素・GX,調査,基金・その他",NEDO,2026-06-26,2026-06-26
88,【P99029】 戦略策定調査事業（アグリ・フードテック分野におけるAI技術の開発・導入に関する俯瞰調査）,プロポーザル,NEDO（新エネルギー・産業技術総合開発機構）,国,2026-05-25,2026-06-10,,P99029,,,,https://www.nedo.go.jp/koubo/NA2_100275.html,基金・その他,"NEDOイノベーション戦略センターは、アグリ・フードテック分野における調査・分析を通して、我が国の農林水産・食品分野におけるあるべき姿の検討とイノベーションを起こすべき領域を特定する「Innovation Outlook」の策定に取り組んでいる。

近年、我が国では、農業分野から食品製造・流通分野に至るフードシステム全体において、国の施策を背景に、研究機関、民間企業等が連携し、AI技術の開発・導入が進められている。

また、製造業や物流、金融、小売といった他産業では、AIが中核的な業務プロセスに組み込まれる事例が見られ、その効果の把握や評価に向けた取組が進展しつつある。これに対し、アグリ・フードテック分野においては、自然条件や地域特性、生産プロセスの多様性に加え、業務の進め方に一定の慣行が残っている側面もあり、AI技術の開発・導入による効果や活用方法についてさらなる検討が期待される状況にある。

そこで本調査では、アグリ・フードテック分野におけるAI技術の開発・導入の意義・効果について全体像を整理するとともに、他産業との比較を通じて、今後の技術開発・導入に向けた検討の視点や取組の方向性を明らかにし、将来的な社会課題の解決や新たな価値創造の実現に資する新技術領域を特定する。","[{""label"": ""説明会"", ""date"": ""2026-05-29"", ""raw"": ""2026年5月29日（金）15時00分""}, {""label"": ""応募締切"", ""date"": ""2026-06-10"", ""raw"": ""2026年6月10日（水）正午""}]","AI・データ,調査,基金・その他",NEDO,2026-06-26,2026-06-26
89,【P*****】 防災・BCP調査事業,プロポーザル,NEDO（新エネルギー・産業技術総合開発機構）,国,2026-05-22,2026-06-10,2026-06-23,P*****,株式会社日本総合研究所,1,,https://www.nedo.go.jp/koubo/AN2_100152.html,基金・その他,"近年の災害発生状況、コロナ禍以降の働き方の変化、高輪オフィス稼働開始といった大きな状況変化を踏まえ、これまでのNEDO防災・BCP対策を抜本的に見直すための調査を実施する。

委託事業・補助・助成事業の契約手続きに関する情報を掲載しています。

© New Energy and Industrial Technology Development Organization. All rights reserved.","[{""label"": ""説明会の申込期限"", ""date"": ""2026-05-28"", ""raw"": ""2026年5月28日（木）17時""}, {""label"": ""説明会"", ""date"": ""2026-05-29"", ""raw"": ""2026年5月29日（金）10時00分""}, {""label"": ""応募締切"", ""date"": ""2026-06-10"", ""raw"": ""2026年6月10日（水）正午""}]","調査,基金・その他",NEDO,2026-06-26,2026-06-26
90,【P*****】 NEDO研究開発資産管理業務の高度化に向けた検討に係る調査事業（NEDO研究開発資産を用いた成果最大化に向けた先行事例調査事業）,プロポーザル,NEDO（新エネルギー・産業技術総合開発機構）,国,2026-05-20,2026-06-19,,P*****,,,,https://www.nedo.go.jp/koubo/AC2_100011.html,基金・その他,"なお、本ページは、公募予告「『NEDO研究開発資産管理業務の高度化に向けた検討に係る調査事業』の公募について（予告）」で掲載した2テーマのうち、テーマ「NEDO研究開発資産を用いた成果最大化に向けた先行事例調査」に関する公募情報です。テーマ「NEDO研究開発資産保全のための包括保険付保等に係る検討調査」については、別途公募情報を掲載いたします。

昨今の研究開発環境において、国際情勢の不安定化や気候変動対応の加速等を背景に、研究開発に求められる役割や対象領域が拡大・高度化し、さらには基礎研究から社会実装に至るまでの時間軸が大幅に短縮されている中、NEDO事業においても多様なニーズに迅速に対応することが求められています。

そこでNEDOでは、NEDO研究開発資産の有効活用および成果最大化に向けた方策を検討することを目的とし、国内外の類似するファンディングエージェンシーの取り組み等の調査・分析を行うとともに、得られた知見をNEDOが依拠する法律やルールと整合させ、実務として実現可能な具体的方策について検討を行う調査を実施します。

NEDOが指定する日から2026年12月31日まで","[{""label"": ""説明会の申込期限"", ""date"": ""2026-05-26"", ""raw"": ""2026年5月26日（火）正午""}, {""label"": ""説明会"", ""date"": ""2026-05-27"", ""raw"": ""2026年5月27日（水）14時00分""}, {""label"": ""応募締切"", ""date"": ""2026-06-19"", ""raw"": ""2026年6月19日（金）正午""}]","調査,研究開発,基金・その他",NEDO,2026-06-26,2026-06-26
91,【P*****】 調査事業（農業・畜産分野におけるマイクロバイオーム等の産業利用に関する技術動向調査）,プロポーザル,NEDO（新エネルギー・産業技術総合開発機構）,国,2026-05-18,2026-06-01,,P*****,,,,https://www.nedo.go.jp/koubo/NA2_100273.html,基金・その他,"気候変動への対応、食料安全保障の確保に向けた食料システム強靱化等の観点から、農業・畜産分野における生産性向上と環境負荷低減の両立が国際的に求められる中、微生物叢（マイクロバイオーム）を活用した技術は、持続可能な食料システムの実現に資する重要な技術として注目されている。我が国においても、温室効果ガスの排出削減、化学肥料・化学農薬依存の低減や資源循環型農業の推進等の観点から、マイクロバイオームを含む微生物機能の農業・畜産分野への産業利用が期待されている。

本調査は、農業・畜産分野におけるマイクロバイオーム等の産業利用に関し、国内外の関連政策・規制動向、市場動向、技術開発動向等を俯瞰的に情報収集・整理し、将来的な市場環境の分析に基づき、今後の技術開発の方向性および市場拡大に向けた課題を特定することを目的とする。

応募予定の方は可能な限り出席してください。なお、説明は日本語で行います。

委託事業・補助・助成事業の契約手続きに関する情報を掲載しています。","[{""label"": ""説明会の申込期限"", ""date"": ""2026-05-21"", ""raw"": ""2026年5月21日（木）正午""}, {""label"": ""説明会"", ""date"": ""2026-05-22"", ""raw"": ""2026年5月22日（金）15時00分""}, {""label"": ""応募締切"", ""date"": ""2026-06-01"", ""raw"": ""2026年6月1日（月）正午""}]","バイオ・医療,調査,基金・その他",NEDO,2026-06-26,2026-06-26
92,【P*****】 調査事業（バイオものづくりにおける環境価値等の可視化と市場形成に関する調査）,プロポーザル,NEDO（新エネルギー・産業技術総合開発機構）,国,2026-05-18,2026-06-04,2026-06-18,P*****,株式会社みずほ銀行,1,,https://www.nedo.go.jp/koubo/NA2_100277.html,基金・その他,"バイオものづくりに関する市場形成について、国内外の市場環境や関係者の取組（政策、ビジネス、消費）を調査し、市場間の違いを踏まえ、価値の可視化や価値を共有する方策に対しての事業者が応用可能な観点に関して、我が国における市場形成への示唆を得ることを目的とする。

応募予定の方は可能な限り出席してください。なお、説明は日本語で行います。

委託事業・補助・助成事業の契約手続きに関する情報を掲載しています。

© New Energy and Industrial Technology Development Organization. All rights reserved.","[{""label"": ""説明会の申込期限"", ""date"": ""2026-05-21"", ""raw"": ""2026年5月21日（木）正午""}, {""label"": ""説明会"", ""date"": ""2026-05-22"", ""raw"": ""2026年5月22日（金）13時30分""}, {""label"": ""応募締切"", ""date"": ""2026-06-04"", ""raw"": ""2026年6月4日（木）正午""}]","バイオ・医療,調査,基金・その他",NEDO,2026-06-26,2026-06-26
93,【P*****】 調査事業（2026年度 モノに関する国際市場動向調査）,プロポーザル,NEDO（新エネルギー・産業技術総合開発機構）,国,2026-05-11,2026-05-29,2026-06-24,P*****,株式会社富士キメラ総研,1,,https://www.nedo.go.jp/koubo/NA2_100272.html,基金・その他,"NEDOイノベーション戦略センターは、今後のイノベーション戦略の策定に向けたテーマ抽出のため、エネルギー・環境分野及び産業技術分野を取り巻く政策・市場・技術に関する情報を俯瞰的に収集しています。市場動向調査の一環として、本調査では産業競争力の源泉であるモノ、すなわち代表的な最終製品及びそれらを構成する部素材製品市場における新製品、将来市場規模、利益率などの国際市場動向調査を行います。

NEDOが指定する日から2026年12月25日まで

応募予定の方は可能な限り出席してください。なお、説明は日本語で行います。

委託事業・補助・助成事業の契約手続きに関する情報を掲載しています。","[{""label"": ""説明会の申込期限"", ""date"": ""2026-05-14"", ""raw"": ""2026年5月14日（木）正午""}, {""label"": ""説明会"", ""date"": ""2026-05-15"", ""raw"": ""2026年5月15日（金）13時""}, {""label"": ""応募締切"", ""date"": ""2026-05-29"", ""raw"": ""2026年5月29日（金）正午""}]","国際,調査,基金・その他",NEDO,2026-06-26,2026-06-26
94,【P24012】 フロンティア領域の探索・重点支援のためのGXイノベーション・エコシステム構築事業推進に係る検討（産業分野等の課題解決に資する数理科学分野の活用に関する産学連携の在り方に関する調査）,プロポーザル,NEDO（新エネルギー・産業技術総合開発機構）,国,2026-04-17,2026-06-01,2026-06-11,P24012,株式会社リバネス,1,,https://www.nedo.go.jp/koubo/NA2_100271.html,基金・その他,"本調査は、幾何学やトポロジー等の数理科学手法について、産業分野等の課題解決に資する観点から整理・分析を行い、数理科学手法が優位性を発揮し得る領域（計算効率、エネルギー消費、理論的特性等）を明らかにする。その上で企業と大学のマッチングを通じて、将来的なプロジェクト化が期待される産業分野等の課題および技術テーマについて整理を行い、産学連携の在り方について調査を行うことを目的とする。

応募予定の方は可能な限り出席してください。なお、説明は日本語で行います。

委託事業・補助・助成事業の契約手続きに関する情報を掲載しています。

© New Energy and Industrial Technology Development Organization. All rights reserved.","[{""label"": ""説明会の申込期限"", ""date"": ""2026-04-23"", ""raw"": ""2026年4月23日（木）正午""}, {""label"": ""説明会"", ""date"": ""2026-04-24"", ""raw"": ""2026年4月24日（金）15時30分""}, {""label"": ""応募締切"", ""date"": ""2026-06-01"", ""raw"": ""2026年6月1日（月）正午""}]","脱炭素・GX,調査,基金・その他",NEDO,2026-06-26,2026-06-26
95,【P*****】 調査事業（フロンティア領域の導出に資する技術インテリジェンスの高度化に係る調査）,プロポーザル,NEDO（新エネルギー・産業技術総合開発機構）,国,2026-04-13,2026-05-11,2026-06-08,P*****,株式会社三菱総合研究所,1,,https://www.nedo.go.jp/koubo/NA2_100268.html,基金・その他,"日本においてイノベーションを創出するためには、社会の動向を俯瞰的に捉えるフォアサイト活動を通じてフロンティア領域の候補を導出することが求められています。そのため、NEDOではそれに資する技術インテリジェンスの活動成果としてInnovation Outlook Ver. 1.0を策定しましたが、今後は幅広い分野にまたがるような大きな社会的インパクトが期待できるフロンティア領域を導出していくことが必要です。そのためには、社会課題からのバックキャストで広範多岐な総合知での調査・分析を行う等、技術インテリジェンスの高度化が重要です。

そこで、様々なフォアサイト活動の実績及び知見を有する国内外機関の調査・分析手法を調査し、その結果を踏まえワークショップ等を試行して、社会課題を起点とした多角的な議論を行うことによって、社会的インパクトが大きいイノベーションの実現に向けて取り組むべきフロンティア領域の候補を導出する具体的な手法の検討等を目的として調査を実施します。

応募予定の方は可能な限り出席してください。なお、説明は日本語で行います。

委託事業・補助・助成事業の契約手続きに関する情報を掲載しています。","[{""label"": ""説明会"", ""date"": ""2026-04-22"", ""raw"": ""2026年4月22日（水）13時00分""}, {""label"": ""応募締切"", ""date"": ""2026-05-11"", ""raw"": ""2026年5月11日（月）正午""}]","調査,基金・その他",NEDO,2026-06-26,2026-06-26
96,【P99029】 戦略策定調査事業（水循環（水資源有効利用）に係る俯瞰調査）,プロポーザル,NEDO（新エネルギー・産業技術総合開発機構）,国,2026-04-13,2026-05-11,2026-05-28,P99029,エム・アール・アイリサーチアソシエイツ株式会社,1,,https://www.nedo.go.jp/koubo/NA2_100270.html,基金・その他,"水は、循環する過程を通じて生活に潤いをもたらすとともに、産業の発展にも重要な役割を果たしています。一方で、容易に利用できる淡水はごくわずかであることから、水循環を健全に維持しつつ、特に水資源の有効利用を図ることが持続可能な社会の構築において極めて重要となっています。

今後、世界的な水需要はさらに増加することが見込まれており、新たな分野における水循環の構築への期待も高まっています。また、水の循環によって生じ得る様々な課題への対応も求められています。

上記背景を踏まえ、本調査においては、将来に向けた水資源の有効利用を含む健全な水循環の確保および持続可能な社会の実現に資することを目的として、国内外の政策・市場・技術動向を調査・分析して整理し、日本が取り組むべき技術開発の方向性を明らかにするとともに、技術導入の促進に向けた広報コンテンツの作成を行います。

応募予定の方は可能な限り出席してください。なお、説明は日本語で行います。","[{""label"": ""説明会の申込期限"", ""date"": ""2026-04-15"", ""raw"": ""2026年4月15日（水）正午""}, {""label"": ""説明会"", ""date"": ""2026-04-16"", ""raw"": ""2026年4月16日（木）15時00分""}, {""label"": ""応募締切"", ""date"": ""2026-05-11"", ""raw"": ""2026年5月11日（月）正午""}]","調査,基金・その他",NEDO,2026-06-26,2026-06-26
97,【P*****】 調査事業（2026年度 日系企業のITサービス、ソフトウェアとキーテクノロジー製品の国際競争ポジションに関する情報収集）,プロポーザル,NEDO（新エネルギー・産業技術総合開発機構）,国,2026-04-01,2026-05-07,2026-05-25,P*****,株式会社富士キメラ総研,1,,https://www.nedo.go.jp/koubo/NA2_100266.html,基金・その他,"NEDOイノベーション戦略センターは、今後のイノベーション戦略の策定に向けたテーマ抽出のため、エネルギー・環境分野及び産業技術分野を取り巻く政策・市場・技術に関する情報を俯瞰的に収集しています。市場動向調査の一環として、本調査では近年重要性がますます高まっているITサービス、ソフトウェアと代表的なキーテクノロジー製品について、世界市場規模と企業国籍区分別の世界シェアに関する情報を収集します。また、日系企業の国際競争ポジションを明らかにするために、市場規模や世界シェアの年推移等を整理します。

応募予定の方は可能な限り出席してください。なお、説明は日本語で行います。

委託事業・補助・助成事業の契約手続きに関する情報を掲載しています。

© New Energy and Industrial Technology Development Organization. All rights reserved.","[{""label"": ""説明会"", ""date"": ""2026-04-08"", ""raw"": ""2026年4月8日（水）11時00分""}, {""label"": ""応募締切"", ""date"": ""2026-05-07"", ""raw"": ""2026年5月7日（木）正午""}]","国際,調査,基金・その他",NEDO,2026-06-26,2026-06-26
98,【P*****】 調査事業（2026年度 日系企業の加工サービス（役務）の国際競争ポジションに関する情報収集）,プロポーザル,NEDO（新エネルギー・産業技術総合開発機構）,国,2026-04-01,2026-04-24,2026-05-26,P*****,公益財団法人未来工学研究所,1,,https://www.nedo.go.jp/koubo/NA2_100267.html,基金・その他,"NEDOイノベーション戦略センターは、今後のイノベーション戦略の策定に向けたテーマ抽出のため、エネルギー・環境分野及び産業技術分野においてイノベーションを起こすべき領域を特定するInnovation Outlookの策定に取り組んでいる。その際、エネルギー・環境分野及び産業技術分野を取り巻く政策・市場・技術に関する情報を俯瞰的に収集し、これをバックキャスト型アプローチとフォアキャスト型アプローチで分析することにより、研究開発プロジェクトによる解決が必要な課題を選定してイノベーション戦略を策定することとしている。

その戦略策定に関わる市場動向調査の一環として、本調査ではモノづくりのサプライチェーンで重要である加工サービス（役務）市場における日系企業の国際競争ポジションを明らかにするための情報収集を行う。

委託事業・補助・助成事業の契約手続きに関する情報を掲載しています。

© New Energy and Industrial Technology Development Organization. All rights reserved.","[{""label"": ""説明会"", ""date"": ""2026-04-08"", ""raw"": ""2026年4月8日（水）13時00分""}, {""label"": ""応募締切"", ""date"": ""2026-04-24"", ""raw"": ""2026年4月24日（金）正午""}]","国際,調査,基金・その他",NEDO,2026-06-26,2026-06-26
99,【P21032】 グリーンイノベーション基金事業（食料・農林水産業のCO 2 等削減・吸収技術の開発）,プロポーザル,NEDO（新エネルギー・産業技術総合開発機構）,国,2026-03-25,2026-07-31,,P21032,,,,https://www.nedo.go.jp/koubo/SM2_100001_00122.html,基金・その他,"国立研究開発法人新エネルギー・産業技術総合開発機構（以下「NEDO」という。）は、下記事業の実施者を広く一般に公募いたしますので、本件について受託を希望する方は、下記に基づきご応募ください。

「2050年カーボンニュートラル」の目標達成に向け、官民で野心的かつ具体的な目標を共有した上で、これに経営課題として取り組む企業等に対して最長10年間、研究開発・実証から社会実装までを継続して支援する「グリーンイノベーション基金事業」の一環として、NEDOは「食料・農林水産業のCO2等削減・吸収」に係わる技術開発事業を推進しています。

本事業のうち研究開発項目1「高機能バイオ炭等の供給・利用技術の確立」プロジェクトについて、高機能バイオ炭等製造実証に関する事業者を追加的に公募します。本事業で開発した高機能バイオ炭製造技術を用い、高機能バイオ炭の製造・保管、散布実証等を通じて環境価値農産物販売の社会実装を目指します。

応募に当たって公募説明会への参加は必須ではありませんが、参加されることを推奨します。","[{""label"": ""説明会の申込期限"", ""date"": ""2026-04-07"", ""raw"": ""2026年4月7日（火）正午""}, {""label"": ""説明会"", ""date"": ""2026-04-09"", ""raw"": ""2026年4月9日（木）13時30分""}, {""label"": ""応募締切"", ""date"": ""2026-07-31"", ""raw"": ""2026年7月31日（金）正午""}]","脱炭素・GX,基金・その他",NEDO,2026-06-26,2026-06-26
100,【P18016】 ムーンショット型研究開発事業,プロポーザル,NEDO（新エネルギー・産業技術総合開発機構）,国,2026-01-26,2026-02-10,2026-02-27,P18016,みずほリサーチ＆テクノロジーズ株式会社,1,,https://www.nedo.go.jp/koubo/SM2_100001_00115.html,基金・その他,"本件について受託を希望する方は、下記に基づきご応募ください。

総合科学技術・イノベーション会議（CSTI）において、日本発の破壊的イノベーションの創出を目指し、挑戦的な研究開発（ムーンショット）を推進するものとして、「ムーンショット型研究開発制度」が創設されました。本制度に基づき、NEDOは、ムーンショット目標のうち目標4「2050年までに、地球環境再生に向けた持続可能な資源循環を実現」を担当する研究推進法人として、プログラムディレクター（以下「PD」という。）に公益財団法人地球環境産業技術研究機構（RITE）理事長の山地憲治氏を任命し、挑戦的な研究開発を推進しています。

本調査は、ムーンショット目標4にて実施中である「資源循環の最適化による農地由来の温室効果ガスの排出削減」プロジェクトの伴走支援を目的とします。具体的には、将来的に自走可能な産業を興すことを前提に、当該プロジェクトで開発した『N2O除去微生物資材』を国内外に広く普及させるための有効なビジネスモデルを種々のマーケティング調査を通じて構築すること。加えて、その実現に向けた伴走支援を行います。

本公募への提案を検討されている方向けに、提案内容の公募趣旨・内容への適合性や提案にあたっての疑問点・不明点等について、事前相談を受け付けます。","[{""label"": ""事前相談"", ""date"": ""2026-02-02"", ""raw"": ""2026年2月2日（月）10時00分""}]","研究開発,基金・その他",NEDO,2026-06-26,2026-06-26
